,Station,QU39,QU39,QU39,QU39,QU39,QU39,QU39,QU39,QU39,QU39,QU39,QU39,QU39,QU39,QU39,QU39,QU39,QU39,QU39,QU39,QU39,QU39,QU39,QU39,QU39,QU39,QU39,QU39,QU39,QU39,QU39,QU39,QU39,QU39,QU39,QU39,QU39,QU39,QU39,QU39,QU39,QU39,QU39,QU39,QU39,QU39,QU39,QU39,QU39,QU39,QU39,QU39,QU39,QU39,QU39,QU39,QU39,QU39,QU39,QU39,QU39,QU39,QU39,QU39,QU39,QU39,QU39,QU39,QU39,QU39,QU39,QU39,QU39,QU39,QU39,QU39,QU39,QU39,QU39,QU39,QU39,QU39,QU39,QU39,QU39,QU39,QU39,QU39,QU39,QU39,QU39,QU39,QU39,QU39,QU39,QU39,QU39,QU39,QU39,QU39,QU39,QU39,QU39,QU39,QU39,QU39,QU39,QU39,QU39,QU39,QU39,QU39,QU39,QU39,QU39,QU39,QU39,QU39,QU39,QU39,QU39
,Date,2016-02-23,2016-03-22,2016-03-29,2016-04-08,2016-04-14,2016-04-28,2016-05-09,2016-05-19,2016-05-30,2016-06-30,2016-07-11,2016-08-01,2016-08-11,2016-08-22,2016-09-01,2016-09-11,2016-10-12,2016-11-09,2016-11-15,2016-11-26,2016-12-03,2016-12-14,2017-01-08,2017-01-15,2017-01-26,2017-02-17,2017-02-25,2017-03-15,2017-03-30,2017-04-06,2017-04-11,2017-04-20,2017-04-24,2017-05-02,2017-05-17,2017-05-29,2017-06-05,2017-06-12,2017-06-19,2017-06-29,2017-07-07,2017-07-11,2017-07-17,2017-07-24,2017-08-04,2017-08-08,2017-08-15,2017-08-21,2017-08-29,2017-09-05,2017-09-12,2017-09-18,2017-09-26,2017-10-03,2017-10-11,2017-10-20,2017-10-24,2017-10-31,2017-11-08,2017-11-16,2017-11-20,2017-11-27,2017-12-06,2017-12-11,2018-01-03,2018-01-09,2018-01-22,2018-01-31,2018-02-06,2018-02-13,2018-02-19,2018-02-27,2018-03-06,2018-03-13,2018-03-20,2018-03-27,2018-04-12,2018-04-17,2018-04-24,2018-05-02,2018-05-08,2018-05-15,2018-05-22,2018-05-29,2018-06-05,2018-06-11,2018-06-18,2018-06-26,2018-07-11,2018-07-16,2018-07-23,2018-07-31,2018-08-09,2018-08-14,2018-08-21,2018-08-29,2018-09-04,2018-09-13,2018-09-18,2018-09-25,2018-10-04,2018-10-09,2018-10-16,2018-10-24,2018-10-30,2018-11-19,2018-11-28,2018-11-07,2018-11-16,2019-04-12,2019-05-02,2019-05-09,2019-05-22,2019-05-29,2019-06-04,2019-06-20,2019-06-25,2019-07-03,2019-07-09,2019-07-18,2019-07-24
,Hakai ID,QPHY302,QPHY365,QPHY371,QPHY320,QPHY328,QPHY334,QPHY343,QPHY385,QPHY393,QPHY438,QPHY661,QPHY510,QPHY445,QPHY455,QPHY460,QPHY470,QPHY501,QPHY521,QPHY549,QPHY553,QPHY562,QPHY567,QPHY577,QPHY600,QPHY610,QPHY620,QPHY631,QPHY636,QPHY646,QPHY651,QPHY666,QPHY676,QPHY681,QPHY721,QPHY686,QPHY700,QPHY731,QPHY741,QPHY736,QPHY746,QPHY756,QPHY766,QPHY771,QPHY776,QPHY785,QPHY790,QPHY795,QPHY800,QPHY810,QPHY815,QPHY820,QPHY825,QPHY830,QPHY840,QPHY845,QPHY850,QPHY860,QPHY876,QPHY881,QPHY886,QPHY896,QPHY911,QPHY916,QPHY921,QPHY891,QPHY927,QPHY932,QPHY951,QPHY956,QPHY961,QPHY967,QPHY981,QPHY986,QPHY991,QPHY996,QPHY1002,QPHY1007,QPHY1013,QPHY1018,QPHY1024,QPHY1029,QPHY1034,QPHY1039,QPHY1059,QPHY1064,QPHY1070,QPHY1076,QPHY1081,QPHY1075,QPHY1091,QPHY1097,QPHY1102,QPHY1118,QPHY1124,QPHY1129,QPHY1134,QPHY1139,QPHY1144,QPHY1150,QPHY1155,QPHY1161,QPHY1166,QPHY1171,QPHY1177,QPHY1182,QPHY1198,QPHY1203,QPHY1187,QPHY1192,QPHY1222,QPHY1274,QPHY1271,QPHY1272,QPHY1275,QPHY1282,QPHY1286,QPHY1285,QPHY1288,QPHY1289,QPHY1290,QPHY1298
Group,Depth,0,0,0,0,0,0,0,0,0,0,0,0,0,0,0,0,0,0,0,0,0,0,0,0,0,0,0,0,0,0,0,0,0,0,0,0,0,0,0,0,0,0,0,0,0,0,0,0,0,0,0,0,0,0,0,0,0,0,0,0,0,0,0,0,0,0,0,0,0,0,0,0,0,0,0,0,0,0,0,0,0,0,0,0,0,0,0,0,0,0,0,0,0,0,0,0,0,0,0,0,0,0,0,0,0,0,0,0,0,0,5,5,5,5,5,5,5,5,5,5,5
Bacillariophyta,Achnanthes spp.,,,,,,,,,,,,,40,,,,,,,,,,,,,,,,,,,,,,,,,,,,,,,,,,,,,,,,,,,,,,,40,,,,,,,,,,,,,,,,,,,,,,,,,,,,,,,,,,,,,,,,,,,,,,,,,,,,,,,,,,,,,
Bacillariophyta,Actinoptychus senarius,,,,,,,,,,,,,,,,,,,,,,,,,,,,,,,,,,,,,,,,,,,,,,,,,,,,,,,,,,,,,,,,,,,,,,,,,,,,,,,,,,111,,,,,,,,,,,,,,,,,,,,,,,,,,,,,,,,,,,,,,,
Bacillariophyta,Asterionellopsis glacialis,,40,,,400,,,112,160,,,,,20000,,,,40,,,,,,,,,,,,,,,,,,,,,5040,,,,,,54,,1332,,,109000,,1763,10767,,11600,40,,,,,,,,,,,,,,,,,,,,,5100,378,,370,666,777,10800,,222,,,,,,,,,,,,,,,,,,333,3286,240,,,,,,,,,,,,12543,,,,
Bacillariophyta,Asterionellopsis kariana,,,,,,,,,,,,,,,,,,,,,,,,,,,,,,,,,,,,,,,,,,,,,,,,,,,,,,,,,,,,,,,,,,,,,,,,,,,,,,,,,,,,,,,,,,,,,,,,,,,,,,,,,,,,,,,,,,,,,,,,,
Bacillariophyta,Asteromphallus heptactis,,,,,,,,,,,,,,,,,,,,,,,,,,,,,,,,,,,,,,,,,,,,,,,,,,,,,,,,,,,,,,,,,,,,,,,,,,,,,,,,,,,,,,,,,,,,,,,,,,,,,,,,,,,,,,,,,,,,,,,,,
Bacillariophyta,Attheya spp.,,,,,,,,,,,,,,,,,,,,,,,,,,,,,785,224,8750,5303,720,,14121,,6280,,37680,,,,,,,,,,,15552,,,15556,,200,,,,,,,,,,,,,,,,,,,,,,900,54,,,17500,4375,7000,,,,,,,,,,,,,,,,,,,,,,,,,,,,,,,,,,,,,,
Bacillariophyta,Bacteriastrum spp.,,,,,,,,,,,,,,,,,,,,,,,,,,,,,,,,,,,,,,,,,,,,,,,,,,,,,,,,,,,,,,,,,,,,,,,,,,,,,,,,,,,,,,,,,,,,,,,,,,,,,,,,,,,,,,,,,,,,,,,,,
Bacillariophyta,Biddulphia sp.,,,,,,,,,,,,,,,,,,,,,,,,,,,,,,,,,,,,,,,,,,,,,,,,,,,,,,,,,,,,,,,,,,,,,,,,,,,,,,,,,,,,,,,,,,,,,,,,,,,,,,,,,,,,,,,,,,,,,,,,,
Bacillariophyta,Ceratulina bicornis,,,,,200,,,,,,3200,,,,,,,,,,,,,,,,,,112,1232,282,5400,9504,,,,,,4256,107,,40,,,,,592,240,80,622,,,111,120,400,40,,,120,,,,,,,,,,,,,,,,,555,1200,1458,,,,,,,1702,,,,,,,288,41,,,,,,,,148,,444,620,,,,,,,,,,,,,333,,,,
Bacillariophyta,Chaetoceros ceratosporus,,,2012,,,,,,,,,,,,,,,,,,,,,,,,,,446,560,235,,,,,144,19250,,448,215,80,40,,,,,,,,,,,,,,,,,,40,,,,,,,,,,,,,,,796,1700,,108,,,,,2333,,,,,,,,,,,,,,,,,,,,,,,,,,,,248,,,,,,,,,,
Bacillariophyta,Chaetoceros cinctus,,200,,432,448000,,400,,228667,,,,,114712,,,,,,,,,240,,,,,1876,1680,11312,752,11000,8640,,2108,12240,10304,,1456,1022,,1000,,,540,680,3478,,200,68080,,205,,,40741,,,,,,,,,,,,,,,,,,,,19104,10101,26400,2538,,,,,3312,,,,,,,3348,,5904,410,,,800,7920,,,1110,,,111,2914,432,,,,,80,,962,,19152,,1488,43401,,,,
Bacillariophyta,Chaetoceros cinctus/radicans resting stage,,,,,600,,600,,,,,,,,,,,,,,,,,,,,,,,,47,,,,,,,,,,,,,,,,,,,,,,,,280,,,,,,40,,,,,,,,,,,,,,,,,,,,,,,,,,,,,,,,,,,,432,,,,,,,,,,,,,,,,,,,,,,,,
Bacillariophyta,Chaetoceros compressus,,,,,,,,,,,,,,,,,,,,,,,,,,,,,,1344,,,,,,,,,,,,,,,,,,,,,,,,,,,,,,,,,,,,,,,,,,,,,,,,,,,333,,,,,,,,,,,,,,,,,,,,,,,868,,,,,,,,,,,,,,,,,
Bacillariophyta,Chaetoceros concavicornis,,,54,,,,,,,,,,,,,,,40,240,40,,40,,,,,,,336,672,,,144,,,,,,,,,560,40,,,,,,,,,,,,,120,,,,,,,,,,,,,,,,,,,,,,,,,,,,,,,,,,,,,,,,,,,,,,,,,,,,,,,,,,,,,,,,,
Bacillariophyta,Chaetoceros convolutus,,,,,,,,,,,,,,,,,,,,,,,,,,,,,,,,,,,,,,,,,,,,,54,360,1924,,,,,,,360,1400,440,40,,320,120,120,80,,,,,,,,,,320,600,720,,,6000,2268,270,4366,,222,144,,,,,,,,440,,,,,,8496,80,,,370,,666,620,240,200,,,,120,,,,267,,,444,,,,
Bacillariophyta,Chaetoceros danicus,80,680,162,,,,,,,,,,,,40,,,,,,,,,,,,,577,112,,94,,,,,,448,160,,,440,40,760,,,160,,,160,4354,,82,,,,,,,,,,,,,,,40,,,,,,,,,777,,2160,,,1221,,720,,,,,,,,,,,,,11200,12384,,,,,,,62,192,,,,80,,,,,,,,222,,,,
Bacillariophyta,Chetoceros debilis,,80,65427,432,5000,,400,,800,,,,1120,2778038,120,,,,,,,,,,,,,7792,13552,29792,8366,69600,29088,,1027,2304,2800,,,,,,,,2862,4640,7844,,160,139000,,984,4995,40,41000,160,160,,280,1760,400,80,40,,,320,640,,,,,80,,,324768,14541,48600,3942,,3700,,1110,36000,,,,,,,270,,432,,,,800,7200,,,962,296,,19008,3596,624,80,80,,,,930,2886,,18288,,1344,1665,,,,
Bacillariophyta,Chaetoceros debilis resting stage,,,,,,,,,,,,,,,,,,,,,,,,,,,,,,,,,,,,,,,,,,,,,,,,,,,,,,,1200,,,,,,,,,,,,,,,,,,,,,111,,,,,,,,,,,,,,,,,,,,,,,,,,,,,,,,,,,,,,,,,,,,,
Bacillariophyta,Chaetoceros decipiens,,640,649,,,,600,672,,,,,,,,,,,,,,,,,,280,,1008,,,,,,,,,5040,,,,,,,,54,,,,,,,,,,800,,,,320,,240,,,,,,,,,,,,,560,11144,,,,,370,,777,,,,,,,,810,,,,,,,,,,,,,2220,4030,1200,,,,,,,,,,,,,,,,
Bacillariophyta,Chaetoceros diadema,,,,,,,,,,,,,,,,,,,,,,,,,,,,,,672,,,,,,,,,,,,,,,,,,,,,,,,,,,,,,,,,,,,,,,,,,,,,6368,,1200,,,,111,,,,,,,,,,,,,,,,144,,,,,,,1054,,,,,,,,,,,,,,,,,
Bacillariophyta,Chaetoceros diadema resting stage,,,,,200,,,,,,,,,,,,,,,,,,,,,,,,672,112,94,,,,,,,,,,,,,,,,,,,,,,,,,,,,,,,,,,,,,,,,,,,,,,,,,,,,,,,,,,,,,,,,,,,,,,,,,,,,,,,,,,,,,,111,,,,
Bacillariophyta,Chaetoceros didymus,,,,1296,16000,200,,,,,,,,,,,,,,,,,,,,,,,,1115,47,,,,,,,,,,,,,,,,222,,,,,,,,,80,,,,,,,,,,,,,,,,,,,796,6771,300,54,,,,,,,,,,,,,,,,,,,,,,,,,,1550,384,,,,,,,,,,,,,,,,
Bacillariophyta,Chaetoceros laciniosus,,,,288,800,,,672,720,,,40,160,5985,,,,,,,,,,,,,,,1568,896,423,3600,1440,,,,1568,,,,,320,,,1134,1000,962,,,32344,,164,888,,3000,,,,,,,,,,,,,,,,,,,,3980,1332,,1242,,,333,555,,,,,,,,864,1040,1872,656,,,6400,22608,,,1924,518,,16539,4278,624,80,,120,,,,,,623,,,777,,,,
Bacillariophyta,Chaetoceros laciniosus resting stage,,,,,,,,,,,,,,,,,,,,,,,,,,,,,,,,,,,,,,,,,,,,,,,,,,,,,,,400,,,,,,,,,,,,,,,,,,,,,,,,,,,,,,,,,,,,,,,,,400,,,,,,,,,,,,,,,,,,,,,,,,,
Bacillariophyta,Chaetoceros mitra resting stage,,,,,,,,,,,,,,,,,,,,,,,,,,,,,,,,,,,,,,,,,,,,,,,,,,,,,,,,,,,,,,,,,,,,,,,,,,,,,,,,,,,,,,,,,,,,144,,,,,,,,,,,,,,,,,,,,,,,,,,,,,
Bacillariophyta,Chaetoceros radicans,,,108,5250,70000,,1000,,,,,,,2992,,,,,,,,,,,,,,,6832,45920,1034,7000,9072,,1405,,,,,,,320,,,,,2294,,,23325,,,999,,3000,,,,,360,,,,,,,,,,,,,,,20696,3330,36600,3294,,,,111,,,,,,,,,760,432,,,,,,,,,,,,682,144,,,,,,,,,979,,,,,,,
Bacillariophyta,Chaetoceros seiracanthus,,,,,,,,,1600,,,,,,,,,,,,,,,,,,,,,,,,2592,,865,,672,,,,,,,,54,,148,,,5598,,,3996,,1800,,,,,,,,,,,,,,,,,,,,,1332,11400,1620,,888,,2109,,,,,,,,540,,576,,,,8600,13824,,,,592,,10878,8804,96,120,,,,120,,,,,,,,,,,
Bacillariophyta,Chaetoceros seiracanthus resting stage,,,,,,,,336,,,,,,,,,,,,,,,,,,,,,,,,,,,,,112,,,,,,,,,,222,,,,,,222,,400,,,,,,,,,,,,,,,,,,,,,,,,,,,,,,,,,,,,,,,,,,1584,,,,,,,186,144,,,,,,,,,,,,,,,,
Bacillariophyta,Chaetoceros similis,,,,,,,,,,,,,,,,,,,,,,,,,,,,432,1115,1680,282,200,3312,,,,672,,,107,40,,,,,,,,,622,,,,,,,,,,,,,,,,,,,,,,,,,,,,,,,333,777,432,,,,,,,,,,,,,,,,,,,,,,,,,,,,,,,,,,,,,,
Bacillariophyta,Chaetoceros simplex,,,,,,,,,,,,,,,,,,,,,,,,,,,,,,,47,,,,,,,,,,,,,,,,,,,,,,,,,,,,,,,,,,,,,,,,,40,,,,1700,,1750,,,,8750,16331,4375,,,,,,,,,,,,,,,,,,,,62,96,,,,,,,,,,,,,,,,
Bacillariophyta,Chaetoceros socialis,,,,,94500,,,,440937,,800,,240,3376538,80,,,,,,,,,,,,,,1456,22624,470,92600,243648,,22138,1008,,,861938,,,,,,,240,592,,,10263,,287,3441,,37320,,,,,,,,,,,,,,,,,,,,,10545,745500,13284,105192,65564,133755,22311,11952,,,,,,,,,5760,205,,,,,,,,1110,,,310,,,,,,,,,,,,,666,,,,
Bacillariophyta,Chaetoceros spp.,,200,13426,1872,7600,200,10400,4816,3600,,,200,520,29925,,,,,,,,,,,80,,,1728,2912,6944,1645,1600,2736,120,8050,1152,8624,,448,269,,840,,,,200,1110,,560,15239,,451,3663,160,5400,40,,,1750,,,,,,,,200,,,,,,,,15124,6882,10500,1242,702,2664,2331,1332,864,,,,,,,270,80,720,,,,400,8496,,,666,,,666,2232,624,40,80,,,,52500,,,,,48,666,,,,
Bacillariophyta,Chaetoeros spp. very small,,,,113750,,,,,,,,,,,,,,,,,,,,,,,,,,,,,,,,,,,,,,,,,,,,,,,,,,,,,,,,,,,,,,,,,,,,,,,,,,,,,,,,,,,,,,,,,,,,,,,,,,,,248,336,,,,,,,568750,,,,,,,,,
Bacillariophyta,Chaetoceros spp. resting stage,,,,,1800,,,,,,,,,,,,,,,,,,,,,,,,,,,,,,,,,,,,,,,,,,,,,,,,,,,160,,,,,,,,,,,,,,,,,,,,,,,,,,,,,,,,,,,,,,,,,,,,,,,,,,,,,,,,,,,,,,,,,
Bacillariophyta,Chaetoceros subtilis,,,,,,,,,,,,,,,,,,,,,,,,,,,,,,,94,,,,,,,,,538,80,120,,,,,,,,,,,,,,,,,120,,,,,,,,,,,,,,,,,,,,,,,777,4666,,,,,,,,,,,,,,,,,,,,,,,,,,,,930,888,,,,21000,,,,,
Bacillariophyta,Chaetoceros tenuissimus (large),,,,,,,,,,,,,,,,,,,,,,,40,,,,,144,224,112,94,,,,,,,,224,,,40,,,,40,,,,,,,,,,,,,,,,,,,,,,,,40,,,,,,111,,,,,,,,,,,,,,,,,,,,200,,,,,,,,,144,,,,,,,,,,,192,,,,,
Bacillariophyta,Chaetoceros tenuissimus (small),,6564,,,,7000,,,,,,,,,,,,,,,,,750,2250,,1570,,785,4710,3140,22750,,,,,23333,,,9420,14000,3140,,,,7000,13462,,,,,,,,,,,1750,5250,3000,1750,,1750,,1750,1750,,,3000,,,,,,,,5250,10500,3500,,,7000,8750,9332,,,,,,,,,,,,,,,,,,,,,2059,,,,,,,,,,4375,,3500,,,,,
Bacillariophyta,Cocconeis spp.,,,,,,,,,,,,,,,,,,,,,,,,,,,,,,,,,,,,,,,,,,,,,,,,,,,,41,,,,,,,,,,,,,,,,,,,,,,,,,,,,,,,,,,,,,,,,,,,,,,,,,,,,,,,,,,,,,,,,,,,,,
Bacillariophyta,Corethron criophillum,,,,,,,,,,,,,,,,,,40,,,,40,40,120,80,,,,,,,,,,,,,,,,,80,,,,40,148,,,,,,,,,,,,80,,40,40,,,80,200,,,80,80,80,240,,40,,,900,54,,,,,,,,,,,,,,,,,,,,,,148,,160,777,496,960,40,120,,,,186,592,,,,,,,,,
Bacillariophyta,Coscinodiscus spp.,,,,,,,,,,,,,,4988,,,,,,,,,,,,,,,112,112,,,,,,,,,,,,,,,,,,,40,,,,,,,,,,,80,,,40,,,,,,,,,,,,,,,,,,,,,,,,,,,,,144,,,,,,,,,,,,,,,,,,,,,,,,,,,,,
Bacillariophyta,Cylindrotheca closterium,,,216,144,1000,5800,2800,448,240,108,400,,,4988,40,,,40,,,40,,40,,80,120,,1584,1115,1115,1175,2800,3168,160,4810,8640,32928,440,3584,1346,240,360,40,40,162,280,962,,240,622,,41,1221,120,2600,440,,40,200,240,80,120,40,,40,,400,880,80,240,120,160,,,,666,3900,1188,1134,814,10767,1665,7776,560,592,,40,40,,108,880,4176,82,,80,600,288,,,74,,40,111,186,48,40,40,80,,,186,74,,356,80,240,666,40,,40,40
Bacillariophyta,Dactyliosolen fragilissimus,,,,,200,11800,,4928,,54,1000,,,,,,,,,,,,,,,,,,,,,,288,,,,,,,,,,,,54,,3108,1480,560,622,,,444,120,2000,200,,,,,40,,,40,,40,80,,,,200,560,,,38208,4440,1500,540,,,,,144,160,666,,,,,108,560,3168,533,,80,35500,21400,,40,5994,7992,80,2442,3596,384,120,,40,,,248,518,,,,48,444,,,,
Bacillariophyta,Dactyliosolen phuketensis,,40,,144,800,9800,200,14000,,,600,,200,1995,40,,,,,,,,,,,,,,,336,,1000,720,40,,,224,,,,,,,,,,,,40,,,82,,,1200,120,,,40,,40,,40,,80,240,360,360,,80,40,5616,360,160,57312,24309,5400,4050,54,518,333,333,144,80,222,,,,,,160,5760,451,,,3200,1584,,,1258,666,,888,1426,144,,,40,40,200,,,,,,96,,,,,
Bacillariophyta,Detonula pumila,,800,811,25200,13200,,5600,2352,240,,2400,80,280,3990,,,,,,,,,,,,,,,14448,19488,6439,16800,16560,240,1243,,,,,,,,,,,,370,,,3421,,,888,,1800,1440,,,,160,,,,,,,,,,,,,,,,3663,8700,,,,,,,,296,,,,,,160,2880,,,,1200,,,,,,,333,124,1152,,,,,,2728,296,,712,,,,,,,
Bacillariophyta,Ditylum brightwellii,40,40,54,432,1200,,,,,,1000,80,520,,,,,,,,,,,,,,,,1568,224,94,1600,144,,54,,896,,560,,,,,,324,80,444,120,40,311,,82,2775,40,,520,,,40,,,80,,,80,,,,,,,,,,7164,3996,300,216,,,,,720,40,74,,,,,,,144,,,,400,,,,222,740,,888,310,,,80,,,,,,,,,,,,,,
Bacillariophyta,Ditylum brightwellii resting stage,,,,,,,,,,,,,,,,,,,,,,,,,,,,,,,,,,,,,,,,,,,,,,,,,,,,,,,,,,,,,,,40,,,,,,,,,,,,,,,,,,,,,,,,,,,,,,,,,,,,,,,,,,,,,,,,,,,,,,,,,,
Bacillariophyta,Eucampia groenlandica,,,,,,,,,,,,,,,,,,,,,,,,,,,,,,,47,6200,,,,,,,,,,,,,,,,,,,,,111,,,,,,,,,,,,,,,,,,,,,,,,,,,,,,,,,,,,,,,,,,,,,,,74,814,,5550,434,96,,,,,,,,,,,,111,,,,
Bacillariophyta,Eucampia zodiacus,,,,,,,,,4666,,17600,100,,,40,,,,,,,,,,,,,,,112,,,,,,,,,2352,323,,120,,,162,,296,,,,,,,,,,,,,,,,,,,,,,,,,,,,,,1800,1404,2268,2960,1998,1776,32832,80,38554,40,,,,,,4032,451,,,14000,3744,,,,296,,,,,,,,,,,,,,,,1110,,,,
Bacillariophyta,Fragilariopsis spp.,,,,,,,,,,,,,,,,,,,,,,,,,,,,,,,,,,,,,,,,,,,,,,,,,,,,,,,,,,,,,,,,,,,,,,,,,,,,,,,,,,,,,,,,,,,,,,,,,,,,,,,,,,,,,,,,,,,,,,,,,
Bacillariophyta,Grammatophora spp.,,,,,,,,,,,,,,,,,,,,,,,,,,,,,,,,,,,,,,,,,,,,,,,,,,,,,,,,120,,,80,,40,,,,,,,,,,,,,40,,,,,,,,,,,,,,,,,,,,,,,,,,,,,,,,,,,,40,,,,,,,,,,,
Bacillariophyta,Guinardia delicatula,,,,,,1800,,224,720,,2800,400,280,,,,,,,,,,,,,,,,,,,10600,10800,1800,378,,1680,,14784,699,400,440,,,1674,40,296,560,280,,,,,,,,,,80,,,,,,,,,,,,,,,,796,,2400,,,,,,,360,2294,,,,,,360,1440,861,,,8400,2736,,,296,1702,,3663,,384,,,,,,,296,,,,,,,560,,
Bacillariophyta,Lauderia annulata,,,,,,,,,,,,,,,,,,,,,,,,,,,,,,,,,,,,,,,,,,,,,,,,,,,,,,,,,,,,,,,,,,,,,,,,,,,,,,,,,,,,,,,,,,,,,,,,,,,,,,,,,,,,,,,,,,,,,,,,,
Bacillariophyta,Leptocylindrus danicus,40,,,576,2600,197800,400,448,,,4800,,,8978,,,,,,,,,,,,,,,,2128,47,10800,5328,1080,,,1120,,1008,,,,,,,,325000,245200,444580,177662,,,222,,1800,160,,,,,3000,,,,,,,,,,,,,,3980,1443,6900,2214,,1850,4329,1110,1008,,,,,,,,,288,,,,10400,9504,,,2146,8066,,14976,186,768,,,,,,1054,370,,,,432,555,,,,
Bacillariophyta,Licmophora spp.,,200,,,200,,,,,,,,,,,,,80,,,,,,,,40,,288,,112,,,,,,,,,,,,,,,,,74,,,,,,,,,,,,120,120,40,,40,,,120,80,40,,,,,,,796,,,,,,,,,,,,,,,,,,41,,,,,,,,,,,62,48,,40,,,,,,,,,,,,,,
Bacillariophyta,Melosira sp.,,,216,,,,,,,,,,,,,,,,,,,,,,,,,,,,,,,,,,,,,,,,,,,,,,,,,,,,,,,,,,,80,,,,160,,,,,,,,,,,,,,,,,,,,,,,,,,,,,,,,,,,,,,,,,,,,,,,,,,,,,,,
Bacillariophyta,Membraneis challengeri,,,,,,,,,,,,,,,,,,,,,,,,,,,,,,,,,,,,,,,,,,,,,,,,,,,,,,40,200,,,,120,,,,,,,,,,,,,,,,,,,54,,,,,,,,,,,,,,,41,,,1000,,,,,,,,,,,,,,,,,,,,,,,,,
Bacillariophyta,Navicula sp.,,,,,,,,224,,,,,,,,,,,,,,,,,,,,,,,,,,,,,,,,,,,,,,,,,,,,,,,200,,,,,,,,,,,40,,,,,,,,,,,300,,,,,,,,,,,,,,,864,,,40,,,,,,,,,,,,,,,,62,,,,,,,,,,
Bacillariophyta,Nitzschia longissima,,,,,,,,,,,,,,,,,,,,,,,,,,,,,,,,,,,,,,,,,,,,,,,,,,,,,,,,,,,,,,,,,,,,,,,,,,,,,,,,,,,,,,,,,,,,,,,,,,,,,,,,,,,,,,,,,,,,,,,,,
Bacillariophyta,Odontella longicruris,,,,,,,400,448,,,,,,,,,,,,,,,,,,,,,,,,,,,108,,336,,,,,,,,,,,,,,,,111,,2200,,,,,,,,,,,,,,,,,,,,,,,,,,,,,,,,,,,,,,,,,,,,,,,,,,,,,,,,,,,,,,,,,,
Bacillariophyta,Paralia sulcata,,,,,,,,,,,,,,,,,,80,,120,,640,360,,120,,,,,,,,,,,,,,,,,,,,,240,,,,,520,,,,,80,,240,,,,,,,80,160,,160,,,,,,,,,,,,,,,,,,,,,,,,,,,,,,,,,,,,,,,120,,,,,,,,,,,,,,
Bacillariophyta,Pleurosigma spp.,,40,324,,600,,,,,,,,,,,,,,,,,,,,,,,144,,,282,,288,,,144,112,,,,,,,,,,,40,,,,,,,,,,,,,,,,,,,,,,,,,,,796,333,300,,,74,,,,,,,,,,,,,,,,,,,,,,,,,,,,,,,,,,,,,,,,,
Bacillariophyta,Pseudo-nitzschia delicatissima,,40,324,,1800,800,400,112,2333,,,,,,600,,,,,,,40,,,120,,,432,336,5488,141,1200,2736,40,1513,13248,112,80,784,430,440,280,,,270,1000,888,,40,,,,222,40,1000,240,40,,40,,40,80,,,,,,40,,,120,200,,40,1592,666,3000,,162,148,,,,560,,,,,,,280,1440,,,,,,240,40,,,,,2046,384,,,40,40,,1488,3404,160,178,240,768,1443,,,160,80
Bacillariophyta,Pseudo-nitzschia multiseries,,,703,144,1800,200,800,,,54,,,,9975,,,,,,,,,40,,120,,,,112,1115,47,1800,288,80,2216,48240,2016,280,2240,861,80,680,,,486,1680,1110,160,120,2488,,,666,,1400,160,40,40,200,,40,,,,40,,,240,,,,200,40,,7164,4218,3000,432,2268,1406,5106,6549,5184,1760,148,,,,,108,560,1872,,,,600,,440,240,,,,,186,96,,,7254,40,80,1240,1924,40,2848,80,384,222,,,40,
Bacillariophyta,Pseudo-nitzschia seriata,,120,162,,4600,10200,14000,27552,27840,54,200,,,9975,,,,,,,,,,,,,,,,5600,893,7200,2016,320,2054,9360,6384,240,784,107,40,320,,,2322,1000,2220,,,43229,40,,2442,160,10600,800,160,,40,160,80,,,,40,,,,,,,40,,,,5106,5700,1026,378,814,2664,1776,3168,240,148,40,,,,,240,720,11655,360,200,310000,303030,120,3360,535000,214000,1760,196000,2666,75776,6828,440,440,,,496,518,,2047,280,8436,3663,,,,
Bacillariophyta,Rhizosolenia setigera,,40,108,,,,,1232,,54,1200,,120,,200,,,,,,,,,,,40,,432,896,112,47,,,,54,144,1904,40,672,107,760,6080,40,,648,160,3330,480,200,4043,,,,,200,,,,280,,,,,,,,,,,,,,,,,111,,,,,1221,999,2880,10040,518,,40,,40,108,40,16992,697,40,240,35500,10224,,,74,370,840,333,,48,,40,,,,124,296,,,80,96,,40,,,
Bacillariophyta,S. marinoi (large cells),,,,30240,71800,,118000,12432,,,8800,,,,,,,480,,,,,,,,240,,,35616,43680,7097,110600,24768,,24052,44496,5040,,,,,24840,,,25000,520,6290,,,44473,,,1443,160,7400,440,200,,,680,160,,40,,,,280,600,,1400,240,5232,160,560,486356,36630,12600,1890,,,,99123,288,3160,,,,,,,,,,,,,,,,740,444,80,2553,1984,2160,,,,1160,,1240,5106,,2581,,,1110,,160,,80
Bacillariophyta,S. marinoi (small cells),,,10500,432,10000,800,2856000,1232,,65625,25800,2267720,,164588,10500,7000,,200,,,,,360,840,3240,120,,32544,3696,1456,94,1600,864,480,2270,10080,560,,3472,18580,3160,2880,,,1620,9701,1998,1320,1880,7464,80,1189,,,,,,,,,,,,,,,,,,,,8750,,,4776,555,,,,148,555,1665,,1000,,,200,,,8478,420,,53181,,160,7200,,,,2294,,15556,,1240,96,,,,920,480,32966,47432,240,116624,640,15840,1332,,,,
Bacillariophyta,Stephanopyxis nipponica,,,,432,600,,,,,,,,,,,,,,,,,,,,,,,,336,,,,,,,,,,,,,,,,,,,,,,,,,,,,,,,,,,,,,,,,,,,,,,,2886,,,,,,,,,,,,,,,,,,,,,,,,,,,,,,,,,,,,,,,,,,,,,
Bacillariophyta,Stephanopyxis turris,,,,,800,,,,80,,,,,,,,,,,,,,,,,,,720,1115,112,141,,,,,,,,,,,,,,,160,444,,,,,,111,,,,,,,,,,,,,,,,,,,,80,,,,,,,,,,,,,,,,,,,,,,,,,,,,,,,620,,,,,,,,,,,,,,,,,
Bacillariophyta,Striatella unipunctata,,,,,,,,,,,,,,,,,,,,,,,,,,,,,,,,,,,,,,,,,,,,,,,74,,,,,,,,,,,,,,,,,,,,,,,,,,,,,,,,,,,,,,,,,,,,,,,,,,,,,,,,,,,,,,,,,,,,,,,,,,
Bacillariophyta,Thalassionema nitzschioides,,,1135,,3600,200,1000,2128,2960,54,200,,960,4988,,,,200,320,,400,80,,,,,,3744,,,188,,,,,432,1680,,784,54,,,,,270,,,,80,6842,,1927,9435,120,1800,680,120,240,280,,,,,40,,,,160,,40,,,,,6368,5328,300,648,,,,1332,288,80,444,,,,,324,200,1728,984,,40,800,864,160,40,1924,1628,40,5217,744,576,40,,,80,240,558,370,200,3293,160,1728,1221,320,280,80,
Bacillariophyta,Thalassiosira anguste-lineata,,,,,,,,,,,,,,,,,,,,,,,,,,,,,,336,,,,,,,,,,,,,,,,,,,,,,,,,,80,,,,,,,,,,,,,,,,,,,,222,,,,,,,,,,,,,,,,,,,,,576,,,,,,,,96,,,,,,,,,,,,,,,,
Bacillariophyta,Thalassiosira nordenskioldii,,,,,,,,,,,,,,,,,,,,,,,,,,,,576,4816,,,2200,10800,,,,,,,,,,,,,,,,,,,,444,,4800,,,,,,,,,,,,,,,,,,,,36616,4551,53400,270,,370,,,,,,,,,,,,,,,,,,,,,,,,62,,,,,,,,,,,,48,,,,,
Bacillariophyta,Thalassiosira pacifica,,,,,,,,,,,,,,,,,,,,,,,,,,,,11664,7840,,,14400,23760,,595,,,,,,,,,,,,,,,,,,,,,,,,,,,,,,,,,,,,,,,,59700,,,,,,,,,,,,,,,,,,,,,,,,,,,,,,,,,,,,124,8066,,,,,,,,,
Bacillariophyta,Thalassiosira rotula,,,108,1296,15600,,200,,,,800,,1240,39900,,,,,,,,,,,,,,576,224,,,,2016,40,,,448,,336,,,120,,,594,,666,,,3732,,,3552,280,,,,,160,,80,,,,,,,,,,,,40,,127360,555,,,,,,,576,,,,,,,,680,1296,164,,80,8400,1152,,,148,148,,3330,310,384,,,80,,,,,,,,,,,,,
Bacillariophyta,Thalassiosira spp.,440,560,15026,18144,47000,800,18800,1568,400,108,400,2600,6160,39900,200,,,400,,40,120,240,,400,960,680,80,87840,8064,1115,3384,6400,4464,840,378,1584,560,40,1456,753,600,160,,,378,400,444,,,1244,,369,12765,400,24000,1000,200,80,1360,520,360,320,200,40,160,160,360,320,,40,240,1560,600,560,48556,17871,64800,1512,162,296,777,1998,4320,60,740,40,,,,378,1440,576,123,40,,3800,1152,,,518,666,,4662,372,960,600,280,280,240,120,12099,5624,80,7476,560,336,555,,,,120
Bacillariophyta,Thalassiosira sp. Auxospore,,,,,,,200,,,,,,,,,,,,,,,,,,,,,,,,,,,,,,,,,,,,,,,,,,,,,41,,,,,,,,,,,,,,,,,,,,,,,,,,,,,,,,,,,,,,,,,,,80,,,,,,,,,,,,40,,,,248,74,,,,,,,,,
Bacillariophyta,Unidentified centric forms,,,,,,,,,,,,,,,,,,,,,,,,,,,,,,,,,,,,,,,,,,,,,,,,,,,,,,,,,,,,,,,,,,,,,,,,,,,,,,,,,,,,,,,,,,,,,,,,,,,,,,,,124,96,,,80,,,248,26250,,,,,111,,,,
Bacillariophyta,Unidentified very small centric forms,,,,,,,,,,,,,,,,,,,,,,,,,,,,,,,,,,,,,,,,,,,,,,,,,,,,,,,,,,,,,,,,,,,,,,,,,,,,,,,,,,,,,,,,,,,,,,,,,,,,,,,,,,,,,,,43750,,,,,,,,,,
Bacillariophyta,Unidentified pennate forms,320,360,1946,1728,3000,2200,1200,224,160,,,120,200,19950,800,,,360,200,200,160,80,200,40,80,480,,288,560,2800,282,9000,1440,,188,3456,336,400,224,1346,120,440,,,648,600,1258,40,40,,80,697,21400,640,30000,760,600,280,1320,840,440,,80,120,,560,880,520,,200,240,480,520,,1592,1998,10200,2322,1026,2294,1554,5883,8064,760,148,40,80,,,108,280,1152,41,,80,1400,576,80,,148,296,200,222,310,528,,80,160,80,160,1798,1258,,890,480,7316,4107,480,240,520,240
Bacillariophyta,Unidentified very small pennate forms,,2188,3500,3500,17500,7000,12500,,,30625,,,,,,,,,3000,3000,3000,80,1500,,,,785,,,,,21216,1750,,7000,,204750,,14130,3000,,,,,3500,,10000,,,352836,,,,1750,2333,,,,5250,3000,3000,,,,,10500,1750,5250,,,,4375,3500,,,,7000,,,,1750,,2333,,,,4667,,,,,,,,,,,,,,11665,,,2059,2692,,3500,,,,,,2917,17500,,,,,,,
Bacillariophyta,Unknown forms,40,40,216,,200,,,,80,,,,40,,120,,,,,,,,,,,,,,,,,,,,54,288,,,,,,,,,,,,,,,,,222,,,40,,,,,,,,,,,,,,,,,,,,,,,,,,,,,,,,40,,108,,,,,,,,,,,,,,,,,,,,,,,,,,,,,,,
Bacillariophyta,Total Cells/L,960,12872,117187,205732,843200,256600,3045900,76160,716203,96736,72000,2271340,12080,6642405,12780,7000,0,1960,3760,3400,3720,1240,3570,3650,4880,3570,865,155174,117366,213792,65904,421719,423094,5240,96681,180293,316856,1680,968080,43864,9620,40120,880,40,49864,36683,380140,249640,449300,1072988,720,8405,103112,4550,244474,8360,3310,6170,15600,9870,8280,2630,560,1990,2350,12500,5070,11570,160,2120,1280,27853,5900,2680,1291908,184585,1096600,56712,113616,89614,194637,177053,173611,23315,46768,160,5027,80,40,15930,8580,64800,70617,440,1080,471200,439918,1120,3720,555720,252527,18756,292810,57004,93396,8188,4940,8614,2680,1640,155451,675954,3637,198189,2600,63340,77478,880,1240,840,560
Chlorophyta,Oltmannsiella sp.,,,,,,,,,,,,,,,,,,,,,,,,,,,,,,,,,,,,,,,,,,,,,,,,,,,,,,,,,,,,,,,,,,,,,,,,,,,,,,,,,,,,,,,,,,,,,,,,,,,,,,,,,,,,,,,,,,,,,,,,,
Chlorophyta,Pterosperma spp.,,,,3500,,7000,2500,,,,,,,,,,,,,,,,,,,,,785,,,,,,,,,,,,,,,,,3500,,,,7000,,,123,,1750,,,5250,,,,,,,,,,,,,,,,,,,,,,,,3000,4375,2333,,26250,2917,,,,7000,,7000,,,,14000,,,,,,,,,,,,,,,,,,,,,,5000,,,
Chlorophyta,Pterosperma spp. resting stages,,,,,,,,,,,,,,,,,,,,,,,,,,,,1570,785,,,,,,,,,,,,,,,,,,,,,,,,,,,,,,,,,,,,,,,,,,,,,,,3500,,,,,,,,,,,,,,,,,,,,7000,,,,,,,,,,,,,,,,,,,,,,,,,
Chlorophyta,Pyramimonas grossii,,2188,1750,,,42000,,,,,2333,1500,,,,5250,,1570,1500,1500,3000,750,1550,3000,1570,3140,,,,,1750,5304,1750,,7000,11666,3500,25120,28260,,,1570,,6280,7000,,5000,,,1944,7000,70000,11667,,,,,1750,1750,1750,,,,,,,,14000,,2500,2333,4375,7000,21875,,,,,14000,7000,,,,52500,8750,14585,4667,,,7000,,,11668,11667,,63000,,5303,,,2333,,,,,3500,,,,,26250,,,,,,,,42000,,
Chlorophyta,Pyramimonas orientalis,,2188,,,3500,42000,,,4666,,9332,4500,1750,1750,,24500,,4710,3000,,7500,2250,3000,2250,3925,785,,785,1570,785,,2652,5250,1570,8750,758829,1570,37680,61230,12000,1570,,,18840,10500,,5000,3500,14000,,10500,70000,46668,,,,3500,,3000,,,1750,1750,,7000,,3000,21000,7778,,,4375,21000,52500,,,,,,14000,,4375,37328,21875,30625,,13998,1750,,21000,13125,3500,11668,17499,2500,7000,,,28000,23333,2333,11667,,2059,,5250,3500,,,,17500,8750,,,17500,7000,87500,25000,7000,,
Chlorophyta,Pyramimonas spp.,,,,,,,,,,,,,,,,,,,,,,,,,,,,,,,,,,,,,,,,,,,,,,,,,,,,,,,,,,,,,,,,,,,,,,,,,,,,,,,,,,,,,,,,,,,,,,,,,,,,,,,,,,,,,,,,,,,,,,,,,
Chlorophyta,Tetraselmis gracilis,,,,,,,,,,,2333,,,,,,,,,,,,,,,,,,,,,,,,,,,,,,,,,,,,,,,,,17500,,,,,,,,,,,1750,,,,,,3889,,,,,,,,,,,3500,,,,4375,56875,,18664,3000,1750,21000,,,,,,42000,,,,,,,,,,,,,,,,,,,4375,,,,,,
Chlorophyta,Unknown species,14000,59076,24500,33250,10500,161000,17500,36750,9332,26250,25663,1500,5250,1750,7000,28000,,15700,10500,16500,14250,6750,21750,18000,21195,7065,11775,,9420,7850,47250,45084,33250,20410,47250,64163,51810,175840,47100,36000,34540,26690,65940,103620,80500,48456,15000,7000,14000,7776,42000,87500,62224,45500,30329,36750,35000,8750,42000,29750,29750,15750,40250,10500,33250,33250,50750,26250,93336,30000,42000,35000,112000,166250,31818,21000,21000,29750,,45500,7000,74375,11665,43750,87500,52506,16331,12250,84000,140000,52500,28000,26253,64163,45000,112000,35001,42424,91000,27223,67657,54446,45500,20590,29612,17500,7000,7000,42000,1750,700000,166250,37921,8750,87500,66500,280000,100000,91000,63000,56000
Choanoflagellata,Bicosta minor,,,,,,,,,,,,,,,,,,,,,,,,,,,,,,,,,,,,,,,,,,,,,,,,,,,,,,,,,,,,,,,,,,,,,,,,,,,,,,,,,,,,,,,,,,,,,,,,,,,,,,,,,,,,,,,,,,,,,,,,,
Choanoflagellata,Calliacantha natans,,,,,,,,,,,,,,,,,,,,,,,,,,,,785,,,,,,,,,,,,,,,,,,,,,,,,,,,,,,,,,,,,,,,,,,,,,,,,14000,14000,7000,,3500,14000,,,,,,,,,,,,,,2500,,3889,,,,,,,,,,,,,,,,,,,7000,,,,,
Choanoflagellata,Monosiga marina,,,1750,40250,,,,,,,,,,,,,,,,,,,,750,,,785,7850,8635,20410,5250,31824,29750,28000,7000,,1570,,,,,1570,,,,,,,,1944,,,3889,1750,2333,7000,,1750,5250,,,,,,,,1750,,,,,,,4375,5303,21000,108500,7000,,,5250,4375,,,,,,,,,30625,,,,2500,7000,,5303,,,30329,,,,,,,,,,,26250,,,,,,,,,
Choanoflagellata,Parvicorbicula socialis,3500,2188,7000,,,,7500,,,,,,,,,,,,,,750,750,750,,,785,,785,4710,2355,5250,10608,14000,28000,8750,5833,1570,,,,4710,1570,,,,,,,,1944,,17500,11667,,,3000,,,3000,,,1750,,,1750,,3000,1750,,,,,,4375,5303,26250,,10500,,7000,,13125,,,,,,,,,26250,,,,10000,21000,11667,5303,,3889,6999,,,,,,,,1750,,,,,,,,,,,,3500
Choanoflagellata,Unknown species,7000,6564,1750,57750,56000,35000,10000,3500,,,2333,6000,,8750,,,1550,4710,4500,750,3000,4500,3000,2250,785,2355,785,3140,10205,14915,35000,37128,52500,31500,42000,,14130,6280,,6000,10990,6280,6280,3140,21000,8076,5000,,,1944,3500,,27223,19250,39661,33250,21000,5250,15750,14000,3000,1750,3000,1750,10500,12250,3000,,,,2333,61250,21000,4375,90151,22750,59500,21000,35000,3400,10500,,2333,4375,,,,,,21000,43750,,2917,,2500,21000,23334,5303,,23334,184307,15556,24500,18531,53840,,26250,7000,7000,7000,8750,26250,2917,,,7000,70000,,,3500,3500
Chrysophyta,Bicosoeca spp.,,,,,,,,,,,,,,,,,,,,,,,,,,,,,,,,,,,,,,,,,,,,,,,,,,,,,,,,,,,,,,,,,,,,,,,,,,,,,,,,,,,,,,,,,,,,,,,,,,,,,,,,,,,,,,,,,,,,,,,,,
Chrysophyta,Dinobryon spp.,,,,,,,,,,17500,,,,,,,,,,,,,,,,,,,,,1750,,,,38500,11666,,,,,20410,,,,,,,,,,,,,,,,,,,,,,,,,,,,,,,,,,,,,,,,3000,13125,2333,4375,30625,,,,,,,,2917,,,,3889,,,3889,,,,,,,,,,,,,,,,,,,,,
Chrysophyta,Meringosphaerae mediterranea,,,,,,,,,,,,,,,,,,,,,,,,,,785,,,,,,,,,3000,,,,,,,,,,,,,,,,,,,,,,,,,,,,,,,,,,,,,,,,,,,,,,,,,,,,,,,,,,,,,,,,,3889,,,,,,,,,,,,,,,,,,,,,
Chrysophyta,Meringosphaerae spp,,,,,,,,,,,,,,,,,,,,,,,,,,,,,,,,,,,,,,,,,,,,,,,,,,,,,,,,,,,,,,,,,,,,,,,,,,,,,,,,,,,,,,,,,,,,,,,,,,,,,,,,,,,,,,,,,,,,,,,,,
Chrysophyta,Meringosphaerae tenerrima,,,,,,,,,,,,,,,,,,,,,,,,,,,,,,,,,,5250,,,3500,,9420,,,,,,,,,,,,,,,,,,,,,,,,,,,,,,,,,,,,,,,,,,,,,,,,,,,,,,,,,,,,,,,,,,,,,,,,,,,,,,,,,,
Chrysophyta,Ochromonas spp.,,,,,,,,,,,,,,,,,,,,,,,,,,,,,,,,,,,,,,,,,,,,,,,,,,,,,,,,,,,,,,,,,,,,,,,,,,,,,,,,,,,,,,,,,,,,,,,,,,,,,,,,,,,,,,,,,,,,,,,,,
Chrysophyta,Unknown species,,,,,7000,,,,,,,,,,,,,,,,,,,,,785,,,,,,,,,,,,,,,,,,,,,,,,,,,,,,,,,,,,,,,,,1750,,,2500,,,3500,,,3500,,1750,,7000,,,,,,,,,,,,3500,,,,,,,,,,3889,3500,,,,,,1750,,,,,,4375,,17500,,,,
Ciliophora,Elongate form,80,360,,,200,200,,,80,,,120,,,,,360,200,,80,,,,,200,,240,,,,94,,,,54,,112,40,224,,,,,,,,,,,,,410,,,,200,240,120,,,,,,,,,40,120,,40,240,160,160,400,,,,,,,111,222,,,,,,,,54,160,,,40,,,,160,200,,444,40,222,186,48,560,40,,200,,248,,,,,,333,,,,
Ciliophora,Myronecta rubra,120,240,270,1152,400,600,800,112,560,,,,40,1750,1800,1440,160,1000,560,3160,840,800,840,680,840,520,120,144,1008,1456,1833,2800,1296,680,595,,,160,672,107,,,,40,486,680,74,,40,,,861,111,680,,360,680,360,640,200,840,720,1800,640,1680,200,40,1080,600,400,1760,160,160,400,,,,54,162,296,,,,40,,80,480,240,120,54,240,,164,280,1600,,,520,40,,222,400,444,,1296,2680,360,480,1160,120,372,370,360,,120,624,,2200,320,680,400
Ciliophora,Oligotricious forms (medium),520,3480,1027,1152,2200,8000,1200,448,1200,1135,4600,680,200,1750,600,4120,680,2040,2160,3920,1000,320,1000,440,2840,560,1440,576,1115,1344,940,1000,1008,2880,2486,1152,1568,1240,4928,1291,400,400,3640,720,2646,1800,666,1040,1080,,800,5454,2886,4360,800,2120,1240,1400,1680,640,1400,1640,1600,680,2080,400,360,1480,240,1160,1760,520,1240,5454,3184,888,300,648,810,2146,333,1443,432,2200,4884,2400,4040,1200,720,4266,1600,4320,1517,1560,5840,5200,432,880,440,1850,1554,1800,1332,682,1392,4360,360,1720,1080,760,806,1184,1400,1068,840,288,10878,4141,2560,880,1840
Ciliophora,Oligotricious forms (large),,240,432,144,,,,,,,2600,,,,,120,40,,40,80,80,,80,40,160,,120,288,224,224,94,,,280,324,144,112,40,112,161,40,,,,54,80,74,,,,,82,111,,,,40,,,120,40,,,40,,,,,,,,,80,560,,,,,,296,,,288,,,,,,,54,,,,80,120,1400,,40,,74,296,,111,124,,80,,120,80,,,,,,,,,,,,80
Ciliophora,Oligotricious forms (small),720,5040,1081,864,1200,4600,800,336,1280,162,1000,360,520,3000,1640,1080,640,600,400,3480,560,1040,1600,1560,6120,680,280,2160,672,1680,2773,3800,720,600,2648,2160,560,640,1792,1022,160,160,840,160,1080,320,518,1320,520,,1560,10146,1221,960,200,2000,1000,360,5160,280,1120,760,1280,920,1280,240,440,1840,320,840,1600,1520,520,9250,5572,555,3300,1134,702,5328,222,1554,432,1400,1036,1200,1080,1000,800,3186,1880,576,2296,6400,600,7000,432,19920,4000,2368,1776,1440,1110,930,1680,4080,640,840,1800,600,4774,2442,3960,623,1520,2880,14400,5616,5424,5520,4182
Ciliophora,Tintinnid forms,,520,,288,,,,,,,,2320,,,,,,80,,80,40,,,,,,,144,,,47,,,400,162,576,224,,1904,,40,40,,,2592,40,,,,,,,111,,,40,,,40,80,,,80,,,,40,,,,,,,,,,,54,162,,,,2160,80,888,,,,,216,40,144,82,,,400,,,,74,148,,111,124,192,,80,,40,,744,148,,,,,,,,40,40
Cryptophyta,Hillea sp.,3500,43760,10500,,,42000,37500,7000,,695625,67657,3000,3500,12250,70000,75250,11250,31400,27000,27750,24000,62475,80250,11115,109924,1992,43675,2314,1570,785,66500,7956,35000,5250,24500,635797,7850,445880,103620,378000,48670,157000,50240,65940,14000,121140,160000,154000,,,357000,875000,112781,84000,74656,136500,127750,17500,113750,87500,59500,92750,64750,176750,64750,24500,77000,127750,307231,75000,132981,39375,91000,78750,16809,1750,,3000,,80500,8750,153125,18664,345625,30625,43755,44327,24500,47250,616000,301875,21000,166269,1154934,280000,287000,15556,519694,1050000,89447,9332,276119,224000,22649,88836,54250,78750,40250,84000,22750,218750,271250,75842,284375,406875,339500,1575000,1872500,700000,1225035,883750
Cryptophyta,Teleaulax acuta,,,,,,14000,,,,,,,,1750,,,,,1500,,,,,750,,785,,785,,785,7000,,,,1750,5833,,,,,,1570,,,3500,,,,,,,30000,3889,7000,2333,,3000,1750,3000,,,3000,,,,1750,7000,26250,73891,15000,44327,4375,7000,17500,,,,,14000,21000,,,2333,,,2917,4666,,1750,54000,,,,,22500,42000,,5303,7000,,,11667,,4118,,,1750,,,,,,,,,,17500,,,,
Cryptophyta,Teleaulax amphioxiae,,,,,,,,,,,,1500,,,,,,,,,,,,750,,785,,,,,1750,,,,3000,5833,,,4710,,,,,,,,,,,,3500,,,,,,,,1750,,,,,,,,,,7778,2500,9332,4375,,4375,,,,,,45500,,,,,,,,,,35000,8750,,,,17500,1400,,5303,,,,,,,2692,,,,,,43750,,,,,,,,,,
Cryptophyta,Teleaulax spp.,,13128,7000,,7000,98000,25000,,,48125,27996,12000,,8750,3500,1750,3000,3140,16500,3750,750,20250,4500,90750,1570,5495,7850,3140,6280,5495,19250,13260,17500,1750,17500,122493,3500,6280,23550,3000,,10990,3140,6280,115500,450625,255000,105000,42000,17496,883750,997500,229451,31500,6999,10500,40250,15750,75250,31500,22750,22750,14000,17500,33250,35000,78750,29750,299453,95000,142313,48125,49000,39375,5303,1750,,,28000,252000,1750,183750,18664,223125,26250,67091,146979,21000,14000,343000,188125,3500,49589,180823,200000,490000,11667,254544,420000,77780,20997,93336,59500,18531,26920,10500,14000,1750,8750,1750,253750,218750,2917,87500,131250,133000,787500,50000,49000,140000,157500
Cyanobacteria ,Cyanobacteria ,,,,,,,,,,,,,,,,,,,,,,,,,,,,,,,,,,,,,,,,,,,,,,,,,,,,,,,,,,,,,,,,,,,,,,,,,,,,,,,,,,,,,,,,,,540,,,,,,,,,,,,,,,,,,,,,,,,,,,,5000,,,
Dictyophyta,Apedinella spinifera,7000,15316,,15750,,21000,,,,,,,,,,,,,,,,,,,,,,,,,,21216,,78750,3000,11666,,,,,,,,,,2692,,,,,,,,,,,,,,,,,,,,,,,,,,,3500,4375,5303,3500,,1750,525000,3500,,,,4375,,,,,,14000,,,,,,,,,,,4666,,,,,,,,,,,,,13125,,,,,,,
Dictyophyta,Ciliophrys infusionum,,,,,,,,,,,,,,,,,,,,,,,,,,,,,,,,,,,,,,,,,,,,,,,,,7000,,,,,,,40,,3500,3000,,,,,,,,,,,,,,,,,,,54,7000,,,,,,222,,,,,,,,,40,,,,,,,,,,,2692,,,,,,,,,,,,,,,,
Dictyophyta,Dictyocha fibula,,,,,,,,,,2648,37800,120,880,,120,,,,,,,,,,,,,,,,,,,,,,,,,,,,,,,,444,2160,600,,,41,,,,,,,,,,,,,,,,,,,,,,,,,,,,,,,,,,,,,,,,,,,,,,,,,,,,,,,,,,,,,,,,,,,,,
Dictyophyta,Dictyocha speculum,1520,2760,1243,144,,200,200,,,540,,40,,,,,,,120,80,200,80,120,320,640,1360,1680,4176,224,224,47,400,288,360,378,,,40,,28201,400,160,80,,54,,370,320,200,,,,111,200,200,2360,1800,2240,1680,1440,640,720,240,240,520,840,440,200,80,,80,640,1640,4848,10606,,,216,432,74,111,111,144,280,,,,,,594,80,,41,160,2560,,,,40,148,74,40,,,384,3920,760,2840,560,640,806,74,560,4450,1040,240,888,40,,80,40
Dictyophyta,Dictyocha spore forms,1480,360,,1296,,,,,80,58914,146200,,40,,,,,,,,,,,,,,,288,112,112,94,,144,80,378,,112,,448,,1280,,40,,1782,400,5032,22320,64528,311,40,1189,333,80,200,80,40,80,,,80,80,40,40,80,,40,40,,40,,320,320,120,,,600,,378,666,,,,40,148,,120,,,756,320,1152,369,320,,,288,40,,,592,40,888,,96,,,120,120,,,,40,1424,,,,,,,
Dictyophyta,Octactis octonaria,,,,,,,,,,,,,,,,,,,,,,,,,,,,,,,,,,40,,,,,,,,,,,,,,40,,,,820,,,,,,,,,,,,,,,,,,,,,,,,1750,,,,,,,,,,,,,,,,,,,,,,,,,,,,,,,,,,,,,,,,,,,,,
Dinoflagellata,Alexandrium catenella,,,,,,,,,,,,,,,,,,,,,,,,,,,,,,,,,,80,,,336,,,,,,,,,,,,,,,,,,,,,,,,,,,,,,,,,,,,,,,,,,,,,,,,,,,,,,,,,,,,,,,,,,,,,,,,,,,,,,,,,,,,
Dinoflagellata,Amylax triacantha,,,,,,,,,,,,,,,,,,,,,,,,,,,,,,,,,,,,,,,,,,,,,,,,,,,,,,,,,,,,,,,,,,,,,,,,,,,,,,,,,,,,,,,,,,,,,,,,,,,,,,,,,,,,,,,,,,,,,,,,,
Dinoflagellata,Ceratium divericatum,,,,,,,,,,,,,,,,,,,,,,,,,,,,,,,,,,,,,,,,,,,,,,,,,,,,,,,,,,,,,,,,,,,,,,,,,,,,,,,,,,,,,,,,,,,,,,,,,,,,,,,,,,,,,,,,,,,,,,,,,
Dinoflagellata,Ceratium furca,,,,,,,,,,,,,,,,,,,,,,,,,,,,,,,,,,,,,,,,,,,,,,,,,,,,,,,,,,,,,,,,,,,,,,,,,,,,,,,,,,,,,,,,,,,,,,,,,,,,,,,,,,,,,,,,,,,,,,,,,
Dinoflagellata,Ceratium lineatum,,,,,,,,,,,,,,,,,,,,,,,,,,,,,,,,,,,,,,,,,,,,,,,,,,,,,,,,,,,,,,,,,,,,,,,,,,,,,,,,,,,,,,,,,,,,,,,,,,,,,,,111,,,,,,,,,,,,,,,,,,
Dinoflagellata,Ceratium fusus,,,,,,,,,80,,,,,,,,,,,,,,,,,,,,,,,,,,,,,,,,,,,,,,,40,40,,,123,,,,,,,,,,,,,,,,,,,,,,,,,,,,,,,144,,148,,80,,,,,,41,,,,,,,,,,,,,,,,,,,,,,,,,,,,
Dinoflagellata,Ceratium horridum,,,,,,,,,80,,,,,,,,,,,,,,,,,,,,,,,,,,,,,,,,,,,,,,,,,,,,,,,,,,,,,,,,,,,,,,,,,,,,,,,,,111,,,,,,,,,40,,41,,,200,,,,,296,,,,,40,,,,,,,40,,,,,,,,
Dinoflagellata,Ceratium spp.,,,,,,,,,,,,,,,,,,,,,,,,,,,,,,,,,,,,,,,,,,,,,,,,,,,,,,,,,,,,,,,,,,,,,,,,,,,,,,,,,,,,,,,,,,,,,,,,,144,,,,,,,,,,,,,,,,,,,,,,,,
Dinoflagellata,Dinophysis acuminata,,,,5760,200,400,,,160,,,,,,,,,,,80,,,40,,40,,,,,,,,,560,162,144,112,,2128,,,,,,54,,,40,,,,41,222,,200,,,,80,,,,,,,40,,,,,,,,,,,300,,54,,,111,1584,,296,,80,,,,,,,80,,1600,,,,,74,,111,,,40,40,,,,,,,,,,,,,,
Dinoflagellata,Dinophysis acuta,,,,,,,,,160,,,,40,,,,,,,,,,,,,,,,,,,,,240,54,,224,40,6944,,40,,,,,,,,,,,,,,,,,,40,,,,,,,,,,,,,,,,,,,,,74,,,864,,74,,,,40,,,,,,,,,,,,,,111,,,,,,,,,,,,,,,,,,
Dinoflagellata,Dinophysis fortii,,,,,,,,,,,,,,,,,,,,,,40,,,,,,,,,,,,,,,,40,112,,,,,,,,,,,,,,,,,,,,,,,,,,,,,,,,,,,,,,,,,,,,144,,,,,,,,,,,,,,,,,,222,,,,,,40,,,,,,,,,,,,,,
Dinoflagellata,Dinophysis rotundata,,,,288,,,,,,,,,,,,,,,,,,,,,,,,,,,,,,,,,,,,,,,,,,,,,,,,,,,,,,,,,,,,,,,,,,,,,,,,,,,,,,,,,,,,,,,,,,,,,,,,74,,,111,,,,,40,,,,,,,,,,,,,
Dinoflagellata,Dinophysis sp.,,40,,,,,,,80,,,,,,,,,,,,,,,,,,,144,,,,,,,,,,,224,,,40,,,,,,,,,,,,,,,,,,,,,,,,,,,,,,,,,,,,,,,,,144,,,,,,,,,,,,,,,,,,,,,,,,,,,,,,,,,,,,,,
Dinoflagellata,Gonyaulax spp.,,,,,,,,,80,,,,,,,,,,,,,,,,,,,,,,,,,40,,,112,,,,,,,,162,,,200,760,311,,41,,,,,,,40,,40,,,,,,,,,,,,,,,,,,,,,,432,,,,,,,,,,,40,,,432,,40,,,,,,,,,,,,,,,178,,48,,,,,
Dinoflagellata,Gymnodinium spp.,80,400,54,432,600,200,,224,240,270,200,240,80,1750,40,,40,240,40,160,80,,160,120,240,40,120,288,224,112,423,200,,280,595,144,112,240,896,,240,200,200,,4428,200,148,560,2600,1244,120,2296,444,1000,600,280,160,160,280,80,120,80,,40,120,,,,40,40,,280,80,200,,444,300,1188,2538,1850,666,222,288,440,962,120,1000,,160,2052,480,1152,984,760,400,1400,144,480,120,1110,1036,40,,124,240,,,,120,80,62,2368,,89,,96,,120,,,120
Dinoflagellata,Gyrodinium spp.,320,440,207,1440,1000,1000,400,224,720,108,1600,880,120,,,,,,,,,80,80,,1440,120,560,864,896,336,376,200,144,680,486,288,224,1440,1344,484,160,480,,,432,360,148,240,320,,40,205,222,480,400,80,80,,280,80,,80,,,,,,80,40,,120,160,120,2040,2388,999,600,1404,3510,2738,555,666,144,120,444,320,1520,,,594,680,,41,,560,400,288,,,666,1998,80,1110,124,192,,160,,40,120,,1628,,623,80,48,,,,,
Dinoflagellata,Katodinium glaucum,,,,,200,,,112,960,54,4600,320,40,,,,,,,,,,,,,,,144,,,,,,,108,,112,,112,54,,,,,,,74,240,,,,,111,,,,,,,,,,,,,,,,,,,,,,,,,54,,,444,,144,40,,,80,,,,,,,40,,600,,,,,,,,,,,,,,,,,,,,,,,,,
Dinoflagellata,Katodinium spp.,,,,432,200,,200,,560,108,4000,200,320,,,160,,80,40,,40,,40,,40,,,,,,47,,,80,162,,336,240,672,,40,,120,,108,40,74,360,120,,40,123,333,480,200,120,,,200,80,200,40,,40,,,40,,,,,200,,,796,111,300,108,54,222,444,111,432,240,74,40,520,,,378,320,576,164,400,80,200,432,,40,148,74,80,,,,,,,,,62,,200,,,,111,,40,80,120
Dinoflagellata,Noctiluca scintillans,,,,,,,,,,,,,,,,,,,,,,,,,,,,,,,,,,,,,,,,,,,,,,,,,40,,,,,,200,,,40,,,,,,,,,,,,,,,,,,,300,,,,,,144,,74,,,,,,,,,,,,,,,,,,,,,,,,,,,,,,,,,,,,
Dinoflagellata,Oxyphysis oxytoxoides,,,,,,,,,,,,40,,,,,,,,,,,,,,,,,,,,800,432,40,216,,224,,,,,,,,,,,,,,,,,,,,,,,,,,,,,,,,,,,,,,,,,,,,,,,,74,,,,,,,,,,,,,,,,,,,,,,,,,,,,,,,,,,,,
Dinoflagellata,Oxytoxum spp,,,,,,,,,,,,,,,,,,,,,,,,,,,,,,,,,,,,,,,,,,,,,,,,,,,,,,,,,,,,,,,,,,,,,,,,,,,,,,,,,,,,,,,,,,,,,,,,,,,,,,,,,,,,,,,,,,,,,,,,,
Dinoflagellata,Prorocentrum gracilis,,,,,,,,,,,,,,,,,,,,,,,,,,,,,,,,,,,,,,,,,80,320,,,432,40,74,,360,1244,,41,,,,,,,,,,,,,,,,,,,,,,,,,,,,,,,,,,,,,,54,,,,,,,,,,,74,,111,,,,,,,,,,,,,,,,,,
Dinoflagellata,Prorocentrum micans,,,,,,,,,80,,,,,,,,,240,40,400,400,80,,40,80,,,,,,,,,,,,,,336,,,,,,,40,222,280,400,,40,,222,120,,40,,,,,,,,,,,,,,,,,,,,,,,,,,,,,,,,,,,,,,40,,,,,,74,,,,,,,,,,,,,,,,,,,,,
Dinoflagellata,Prorocentrum spp,,,,,,,,,,,,,,,,,,,,,,,,,,,,,,,,,,,,,,,,,,,,,,,,,,,,,,,,,80,,,,,,,,,,,,,,,,,,,,,,,,,,,,,,,,,,,,,,,,,,,,,,,,,,,,,,,,,,,,,,,,
Dinoflagellata,Protoperidinium conicum,,,,,,,,,,,,,,,,,,,,,,,,,,,,,,,,,,,,,,40,,,,,,,108,,,,,311,,,,,,,,,,,,,,,,,,,,,,,,,,,,,,,,,432,,,,,,,,,,,,,,,,,,,,,,,,,,,,,,,89,,,,,,,
Dinoflagellata,Protoperidinium depressun,,,,,,,,,80,,,,,,,,,,,,,,,,,,,,,,,,,,,,,,,,,,,,,,,,,,,,,,,,,,,,,,,,,,,,,,,,,,,,,,,,,,,,,,,,,,,,,,,,,,,,,,,,,,,,,,,,,,,,,,,,
Dinoflagellata,Protoperidinium leonis,,,,,,,,,,,,,,,,,,,,,,,,,,,,,,,,,,,,,,,,,,,,,,,,,,,,,,,,,,,,,,,,,,,,,,,,,,,,,,,,,,,,,,,,,,,,,,,,,144,,,,,,,,,,,,,,,,,,,,,,,,
Dinoflagellata,Protoperidinium oblongum,,,,,,,,,80,,,,,,,,,,,,,,,,,,,,,,,,,,,,,,,,,,,,,,,,,,,,,,,,,,,,,,,,,,,,,,,,,,,,,,,,,,,,,,,,,,,,,,,,,,40,,,,,,,,,,,,,,,,,,,,,,
Dinoflagellata,Protoperidinium spp.,,,,720,600,200,,,,,,80,,8750,,,,,,,,,,,,,,144,112,112,47,,,160,108,144,112,,,,,,,,54,,74,,,,,41,111,,400,,,,40,,,,,,,,,,,,,,,,,222,600,216,54,148,,,144,40,,,,,,,,,,,,,720,,40,74,1332,40,,,96,,,,,,,,,,40,,,,,,
Dinoflagellata,Protoperidinium steinii,,40,,1584,200,,400,,240,,,40,40,8750,,,,,,,,,,,,,,,,,,,144,80,270,,560,,336,,,,,,,,,,,,,41,,,,,,,,,,,,,,,,,,,,,,,,,,,,,111,,,,,,,,,,40,,,,,,,,,666,148,,,,48,,,40,40,,,,,267,,,,,,,40
Dinoflagellata,Pyrocystis lunula,,,,,,,,,,,,,,,,,,,,,,,,,,,,,,,,,,,,,,,,,,,,,,,,,,,,,,,,,,,,,,,,,,,,,,,,,,,,,,,,,,,,,,,,,,,,,,,,,,,,,,,,,,,,,,,,,,,,,,,,,
Dinoflagellata,Resting stages,80,80,,4320,,,,,80,,,,,,,,,,,,,,,,,,,,,,,,,,54,,,,,,,,,,810,80,,280,800,,,41,111,,,,,,40,,,,,,,,40,,,,,40,40,40,796,111,,108,486,148,,222,432,40,,,,,,,40,720,287,,,1400,288,,,1332,1776,40,,,,,,,,,,,,178,,,,,,,
Dinoflagellata,Scrippsiella precarea,,120,,432,,200,,448,80,,,,,,,,,,,,,,,,,,,,,,94,,,,,432,,,,,,,,,378,,74,,120,,,205,111,40,200,,,40,120,,,40,,,,,,,,,,,,,,,,54,54,74,,1665,576,40,962,,600,,,216,,5472,,,120,800,144,,,666,,40,222,,,,,,,,,74,,4375,,,,,,,
Dinoflagellata,Scrippsiella trochoidea,,160,108,720,,3200,,448,80,,,,,,,,,,,,,,,,,,,,,,,,,,162,1008,,,,,,,,,648,,,,1480,,,82,,,200,,,,40,40,,,,,,,,,,,,,40,160,,,,,,222,,1110,1152,240,1184,200,1520,,40,702,40,144,,80,,1000,144,40,40,,222,,,62,,,,,,,,74,,,,,,,,,
Dinoflagellata,Unknown species,,80,162,5250,800,2000,200,224,160,,,200,40,,,,,,,,,,,,40,,,,,112,376,200,144,1120,270,576,1344,40,4256,,200,240,80,,216,40,,80,80,,,123,,120,,,,,80,,,,40,,,,,,,,,,,,796,111,600,108,216,1036,999,,3312,160,888,120,320,,,216,,144,41,120,,600,,,80,,,,,124,96,,,,,80,62,518,40,89,,,,,,,40
Dinoflagellata,Unknown very small species (dino??),,2188,7000,1296,3500,56000,17500,12250,44327,,13998,21000,,1750,10500,1750,,,,,750,,1500,750,785,2355,,12560,14130,13345,10500,31824,22750,8750,17500,,28260,,28260,3000,4710,3140,,,17500,2692,15000,7000,24500,7776,3500,,,5250,4666,5250,1750,1750,,1750,,,,,3000,3500,3000,1750,,2500,,,,,10606,7000,7000,28000,28000,24500,40250,4375,20997,21875,4375,,11665,,,7000,,14000,2917,,,28000,3889,,,7778,11665,,,2059,2692,,3500,,,,8750,8750,17502,13125,4375,,35000,,,,
Ebriidea,Ebria tripartita,,,,,,,,,,,,,,,,,,,,,,,,,,,,,,,,,,,,,,,,,,,,,,,,,,,,,,,,,,,,,,,,,,,,,,,,1280,,,,,,,,,,,,,,,,,,,,,,,,,,,,1554,370,,111,,720,40,40,,,,806,148,80,1157,480,384,4218,,40,40,120
Euglenophyta,Eutriptiella hirudoidea,,,,,,,,,,,,,,,,,,,,,,,,,,,,,,,,,,,1405,432,,,336,54,,,,,,,,,,,,,,,,,,,,,,,,,,,,,,,,,,,,,,,,74,,,,,444,,200,,,54,,,,,,,,,,,,,,,,,,,,,,,,,,,,,,,
Euglenophyta,Unknown species,,,,144,200,,200,,80,,,,,,,,,,,1500,,,2250,750,1570,,40,,,,47,200,144,,,,112,,,,,,,,,,,,40,,,,,,,,,,,,,,,,,,,,,,,,,,,,,,54,666,333,,144,,74,120,160,,,108,,144,,,,,,,,,,,111,,,,,,,,,,,,,,,,,,
Haptophyta,Chrysochromulina hirta,,,,,,,,,,,,,,,,,,,,,,,,,,,,,,,,,,,,,,,,,,,,,,,,,,,,,,,,,,,,,,,,,,,,,,,,,,,,,,,,,,,,,,,,,,,,,,,,,,,,,,,,,,,,,,,,,,,,3500,,,,,
Haptophyta,Chrysochromulina spp,,,,,,,,,,,,,,,,,,,,,,,,,,,,,,,,,,,,,,,,,,,,,,,,,,,,,,,,,,,,,,,,,,,,,,,,,,39375,,,,,,,,,,,,,,,,,,,,,,,,,,,,,,,,,,,,,,,,,,,,,,,
Haptophyta,Phaeocystis pouchetii,,,,,,,,,,,,,,,,,,,,,,,,,,,,,6496,58090,,,1728,,540,,,,,,,,,,,,,,,,,,,,,,,,,,,,,,,,,,,,,,,,928025,,21000,,,444,444,,,,,,,,,,,,,,,,322787,,,,,,,,432,,,,,,,,,,,,,,,,
Haptophyta,Phaeocystis pouchetii non flagella,,,,,,,,,,,,,,,,,,,,,,,,,,,,,,,,,,,,,,,,,,,,,,,,,,,,,,,,,,,,,,,,,,,,,,,,,,,,,,,,,,,,,,,,,,,,,,,,,,,,,,,,,,,,,,,,,,,,,,,,,
Kinetoplastidea,Cafeteria minutae,,,,,,,,,,,,,,,,,,,,,,,,,,,,,,,,,,,,,,,,,,,,,,,,,,,,,,,,,,,,,,,,,,,,,,,,,,,,,,,,,,,,,,,,,,,,,,,,,,,,,,,,,,,,,,,,,,,,,,,,,
Kinetoplastidea,Jakobia iberia,,,,,,,,,,,,,,,,,,,,,,,,,,,,,,,,,,,,,,,,,,,,,,,,,,,,,,,,,,,,,,,,,,,,,,,,,,,,,,,,,,,,,,,,,,,,,,,,,,,,,,,,,,,,,,,,,,,,,,,,,
Kinetoplastidea,Metromonas simplex,,2188,,5250,,7000,,7000,,8750,2333,4500,1750,,3500,3000,1500,,1500,,,,,750,,,,,,,,10608,1750,8750,12250,,9420,6280,,,1570,1570,12560,,,,,,,1944,,,,,,,,,,,,,,,,,,,,,,,,,,3500,,,,,5250,,6999,,,2917,,,,,8750,,,,,,,,,3889,,,,2059,,,,,,,,,,,,7000,,,3500,,
Kinetoplastidea,Phyllomitus yorkeensis,,,,,,,,,,,,,,,,,,,,,,,,4500,,,,,,,,,,,,,,,4710,3000,,,,,,,,,,,,,,1750,2333,,,,,,,,,,,,,,,,,,,,,,,,,,1750,,,,8750,,,,,,,,,,,,,,,,,,,,,,,,,,,,,,,7000,35000,,,,
Kinetoplastidea,Pleurostomum gracile,,,,,,,,,,,,,,,,,,,,,,,,,,,,,,,,,3500,3500,,,,,,,,,,,,,,,,,,,,,,,,,,,,,,,,,,,,,,,,,,,,,,,,,,,,,,,,,,,,,,,,,,7778,,,,,,,,,,,,,,,,,,,,,
Kinetoplastidea,Pseudobodo tremulans,,,,,,,,,,,,,,,,,,,,,,,,750,,,,,,,,,,,,,,,,,,,,3140,,,,,,,3500,17500,,,2333,,,,,,,,,,,,,,,,,,,,,,,,,,,,,4375,,,,,,,,,,,,,,,,3889,,,,,,,,,,,,,,,,,,,7000,3500,
Kinetoplastidea,Telonema subtilis,,,,,3500,,,,,,4666,1500,,,,,,,,750,,2250,,750,,,785,,,,,2652,7000,5250,3000,,,18840,,3000,,3140,6280,3140,,,,,17500,5832,,,,1750,,,1750,,3000,,,,,,1750,,,,,,,,,21875,,,,,7000,3500,19250,4375,2333,4375,4375,,,,,,,,2917,,,,,5303,,,,,,,2692,,,,,,,,43755,,,,437500,,,,
Kinetoplastidea,Unknown species,,,,,,7000,,,,,,,1750,1750,,,,,,,,,,,,,,,,,,,3500,1750,,,,,,,4710,,,,,,,,,,,,,,,,,,,,,,,,,5250,,,3889,,,4375,7000,,,3500,10500,1750,,7000,7000,4375,2333,,4375,2917,,,,7000,17500,3500,,,,,,,,,,,,4118,,,,,,,,,,,,,,,,,
Metazoa,Appendicularia,,,,,,,,,,,,,,,,,,,,,,,,,,,,,,,,,,,,,,,112,,,,,,54,,,,,311,,41,111,,,,,,,,,,,,,,,,,,,,,,,,300,,,,111,,144,,,,,,,,,144,,,,200,,40,,74,74,,,,,,,,,,,,,,,,,,,,
Metazoa,Copepod nauplii/ekdysis,,,,,,,,336,240,108,1400,40,80,,240,40,,,,40,,,,,,,,144,,,47,,,80,,,,200,,54,40,,80,40,,,74,40,40,,80,,,,,120,40,40,80,40,80,,,,,,,40,,,,,,,,,,,,,,,,40,,,,40,40,54,,288,41,,40,,,,200,,74,,,,48,40,40,40,40,,,,40,89,,48,,200,80,,
Metazoa,Copepodids,,,,,,,,,,,,,,,,,,,,,,,,,,,,,,,,,,,,,,,,,,,,,,,,,,,,,,,,,,,,,,,,,,,,,,,,,,,,,,,,,,,,40,74,40,,,,,,,,40,,,,,,,,,,,48,,,80,,,,,40,89,,48,,40,40,,
Metazoa,Crustacean pieces,,,,,,,,224,,,,,,,,,120,,,,,,,,,,,,,,,,,,,,,,,,,,,,,40,,,,,40,41,111,40,,40,,,,40,40,,,,,,,,,,,,40,,,,300,,,,,,,,148,,,,,,40,432,,80,40,,,,40,,,,111,,96,,40,,,,186,74,,,120,,,40,80,40,80
Metazoa,Eggs,,,108,,,,200,,240,54,400,,120,,40,,,,,,,,,,,,,,,,94,,,,,,224,,,,480,,160,,108,,74,,40,,,123,,,,,,80,,,,,,,,,,,,,,,,,,,,54,,,,,,80,74,,60,40,80,162,,,82,40,,200,,40,40,74,,40,,186,,80,,,,,124,,40,,,,,,40,40,40
Metazoa,Fecal Pellets,80,360,324,144,600,200,,,160,270,200,360,1480,,480,280,,320,,,200,80,40,80,160,,,,336,336,188,,,,1243,,224,40,336,215,160,320,480,40,378,80,1480,520,160,311,880,123,333,120,,760,200,120,360,360,40,120,360,400,80,80,160,120,,40,,240,80,120,1592,,300,540,270,,111,444,144,160,370,1120,1240,440,360,162,520,6192,1107,320,160,400,144,360,720,740,148,280,333,186,528,400,160,1320,320,440,124,148,240,979,520,96,333,560,800,200,400
Metazoa,Oikopleura ejecta (?),,,,144,600,,,,,,,,,,,,,,,,,,,,,,,432,112,112,47,,,,,,,,,,,,,,,,,,,,,,,,,,,,,,,,,,,,,,,,,,,,796,1221,300,108,,,,,,,,,,,,,,,,,,,,,,,,,,,,,,,,,,,,,40,,,,,,
Protozoa,Foraminifera,,,,,,,,,,,,,,,,,,,,,,,,,,,,,,,,,,,,,,,,,,,,,,,,,,,,,,,,,,,,,,,,,,,,,,,,,,,,,,,,,,,,,,,,,,,,,,,,,,,,,,,,,,,,,,,,,,,,,,,,,
Protozoa,Radiolaria,,,,,,,,,,,,,,,,,,,,,,,,,,,,,,,,,,,,,,,,,,,,,,,,,,,,,,,,,,,,,,,,,,,,,,,,,,,,,,,,,,,,,,,,,,,,,,,,,,,,,,,,,,,,,,,,,,,,,,,,,
Raphidiophyta,Chatonella/Olisthodiscus,,,,,,,,,,,,,,,,,,,,,,,,,,,,,,,,,,,,,,,,,,,,,,,,,,,,,,,,,,,,,,,,,,,,,,,,,,,,,,,,,,,,,,,,,,,,,,,,,,,,,,,,,,,,,,,,,,,,,,,,,
Raphidiophyta,Heterosigma akashiwo,,,,,,,,,,,,,,,,,,,,,,,,,,,,,,,,,,,,,,,,,,,,,3500,2692,,,,,,17500,,,,,,,,,,,,,,,,,,,,,,,,,,,,,,,,,30625,26253,,,,14000,,,,,,42000,,,,,,,,,,,,,,,,,,,,7000,,,,,
Raphidiophyta,Unknown species,,,,,,,,,,,,,,,,,,,,,,,,,,,,,,,,,,,,,,,,,,,,,,,,,,,,,,,,,,,,,,,,,,,,,,,,,,,,,,,,,,,,,,,,,,,,,,,,,,,,,,,,,,,,,,,,,,,,,,,,,
Unknown,Unknown flagellae-bearing cells,269500,220988,77000,463750,84000,448000,40000,127750,111984,533750,128315,48000,115500,22750,861000,523250,188250,138160,87000,73500,90000,26775,33000,31635,54141,33333,115680,8676,29045,28260,260750,233376,273000,201250,238000,810787,215090,1990760,334410,360000,334410,116180,1020500,942000,210000,166904,540000,280000,241500,69984,402500,420000,427790,427000,242632,236250,334250,192500,201250,176750,129500,162750,124250,155750,374500,133000,157500,110250,198339,207500,93320,385000,721000,943375,646966,157500,280000,260750,2996000,322000,229250,459375,146979,380625,791875,224609,111984,59500,199500,259000,258125,448000,285866,705793,80000,784000,431679,445452,420000,303342,249631,633907,322000,372679,269200,127750,222250,171500,183750,80500,1058750,113750,691329,1001875,275625,154000,945000,805000,437500,339500,136500
Unknown,Unknown very small non-flagellated cells,,,,,,,,,,,,,,,,,,,,,,,,,,,,,,,,,,,,,,,,,,,,,,,,,,,,,,,,,,,,,,,,,,,,,,,,,,,,,,,,,,,,,,,,,,,,,,,,,,,,,,,,,,,,,,,,,,,,,,,,,
Unknown,Unknown cells,,,,144,,,,,80,,,,,,,,80,,,,,,,,,,,,,,,,,,,,,,,,,,,,,,,,,,,,,,,,,,,,,,,,,40,,,,,,,,,,,,,,,,,,,,,,40,40,,,,,,,,,,,,,,,,,,,,40,200,,,,,40,,,,,,120
