ASVID,QMIC2406,QMIC2416,QMIC2418,QMIC2428,QMIC2439,QMIC2456,QMIC2466,QMIC2476,QMIC2486,QMIC2664,QMIC2793,QMIC2496,QMIC2506,QMIC2516,QMIC2526,QMIC2533,QMIC2543,QMIC2553,QMIC2563,QMIC2583,QMIC2593,QMIC2603,QMIC2609,QMIC2619,QMIC2639,QMIC2649,QMIC2659,QMIC2674,QMIC2694,QMIC2704,QMIC2724,QMIC2734,QMIC2744,QMIC2763,QMIC2783,QMIC2803,QMIC2813,QMIC2823,QMIC2843,QMIC2853,QMIC2863,QMIC2883,QMIC2893,QMIC2903,QMIC2913,QMIC2923,summaryGroups,summaryGroupsExtended,microscopyGroups,Level1,Level2,Level3,Level4,Level5,Level6,Level7,Level8
841e6ae1c98aba86325198b19e7464fc,0,0,0,0,0,0,0,0,0,0,0,0,127,210,74,23,0,0,0,13,102,0,0,0,0,0,0,0,0,0,0,0,0,0,0,0,0,0,0,73,0,0,0,0,0,0,diat,diat,Bacillariophyta,Eukaryota,Stramenopiles,Ochrophyta,Bacillariophyta,Bacillariophyta_X,Polar-centric-Mediophyceae,Chaetoceros,Chaetoceros_sp.
bb58b68af2ae955d0dbf99695cb9ef03,0,0,0,0,0,0,0,0,0,0,0,0,0,0,0,0,0,0,0,0,0,0,0,181,41,24,0,0,0,0,0,0,0,0,12,0,0,0,0,0,0,0,0,0,0,0,dict,dict-chryso,Chrysophyceae,Eukaryota,Stramenopiles,Ochrophyta,Chrysophyceae,Chrysophyceae_X,Chrysophyceae_XX,Chrysophyceae_XXX,Chrysophyceae_XXX_sp.
c1bca1213362a7dc76085aaf9e979042,0,0,0,0,0,0,0,0,0,0,0,0,0,0,0,0,0,0,0,0,0,0,0,0,0,0,0,0,0,0,0,0,31,0,0,0,0,0,0,0,0,0,0,0,0,0,hapto,hapto,Haptophyta,Eukaryota,Hacrobia,Haptophyta,Prymnesiophyceae,Prymnesiales,Chrysochromulinaceae,Chrysochromulina,Chrysochromulina_camella
fb84e36a98c7051fcd7f270bc2cf8390,0,0,0,0,0,0,0,0,0,0,0,0,0,0,0,0,0,0,0,15,0,0,0,0,0,0,0,0,0,0,0,0,9,0,0,0,0,0,0,0,0,0,0,0,0,0,green,green,Streptophyta,Eukaryota,Archaeplastida,Streptophyta,Embryophyceae,Embryophyceae_X,Embryophyceae_XX,,
174f53f369e0af5366e629bab6a7375e,0,0,0,0,0,0,0,0,0,0,0,0,0,0,0,0,0,0,0,0,0,0,0,0,0,0,0,0,0,0,0,0,0,54,0,19,0,0,0,0,0,0,0,0,0,0,diat,diat,Bacillariophyta,Eukaryota,Stramenopiles,Ochrophyta,Bacillariophyta,Bacillariophyta_X,Polar-centric-Mediophyceae,Chaetoceros,Chaetoceros_sp.
b79e1d86e9c8c2497dfda518c5396293,0,0,0,0,0,0,0,0,0,0,0,0,0,0,0,0,0,0,0,14,0,0,0,0,0,0,0,0,0,0,0,0,37,0,0,0,7,0,0,0,0,0,0,0,0,0,dict,dict-chryso,Chrysophyceae,Eukaryota,Stramenopiles,Ochrophyta,Chrysophyceae,Chrysophyceae_X,Chrysophyceae_Clade_C,Ochromonas,Ochromonas_sp.
897a40860aeef91fad992b142ac6e399,0,0,0,0,0,0,0,0,0,4,0,0,0,0,0,0,0,0,0,4,0,0,8,6,11,0,2,0,0,7,0,0,0,0,0,0,0,0,0,0,0,0,0,0,0,0,green,green,Chlorophyta,Eukaryota,Archaeplastida,Chlorophyta,Mamiellophyceae,Mamiellales,Mamiellaceae,Mamiella,Mamiella_gilva
4096a0d68ade7c162b31e8d338d3b453,0,0,0,0,0,0,0,0,0,0,0,0,0,0,0,0,0,0,0,26,0,38,0,32,0,0,0,0,0,0,0,0,9,0,0,0,0,0,0,0,0,0,0,0,0,0,hapto,hapto,Haptophyta,Eukaryota,Hacrobia,Haptophyta,Prymnesiophyceae,Phaeocystales,Phaeocystaceae,Phaeocystis,Phaeocystis_sp.
a51ab363c1f604bc8ff066a93306557b,0,0,0,0,0,0,0,0,0,0,0,0,7166,3412,4682,0,0,0,0,0,165,0,0,0,0,0,0,0,203,0,0,0,202,75,0,0,0,0,338,101,125,45,0,0,0,0,diat,diat,Bacillariophyta,Eukaryota,Stramenopiles,Ochrophyta,Bacillariophyta,Bacillariophyta_X,Polar-centric-Mediophyceae,,
d12fd1a3e387be7ca456055683e568a4,0,0,0,0,0,0,0,0,1,0,0,0,0,0,0,0,0,0,0,0,0,0,0,0,0,0,0,0,0,0,0,0,0,0,0,0,0,0,0,0,0,0,0,0,0,0,hapto,hapto,Haptophyta,Eukaryota,Hacrobia,Haptophyta,Prymnesiophyceae,,,,
30a99682561ab049d398d2707b3320bc,0,0,0,0,0,0,0,24,0,0,0,0,0,0,0,0,0,0,0,0,0,0,0,0,0,0,0,0,0,0,0,0,0,0,0,0,0,0,0,0,0,0,0,0,0,0,diat,diat-bolido,Bolidophyceae,Eukaryota,Stramenopiles,Ochrophyta,Bolidophyceae,Parmales,Triparmaceae,Triparma,Triparma_mediterranea
bd84011e2785a341f8c2f037c55c38cc,0,0,0,0,0,0,0,0,0,0,0,0,0,0,0,0,0,0,0,0,0,0,0,0,0,0,10,0,0,2,0,0,0,5,0,0,0,0,0,0,0,0,0,0,0,0,hapto,hapto,Haptophyta,Eukaryota,Hacrobia,Haptophyta,Prymnesiophyceae,Prymnesiales,,,
416385c085e388a7fa619507fd0359c1,0,0,0,0,0,0,0,0,0,0,0,0,0,0,47,0,0,0,115,0,94,0,0,0,0,0,0,0,53,0,0,0,0,0,0,0,0,0,0,0,0,0,0,0,0,0,diat,diat,Bacillariophyta,Eukaryota,Stramenopiles,Ochrophyta,Bacillariophyta,Bacillariophyta_X,,,
4cbbbb85bb79e5fff3e65bc3430652aa,0,0,0,0,0,0,0,0,0,0,0,0,0,0,0,4,4,4,0,7,31,0,0,0,0,0,0,0,0,0,0,0,0,0,0,0,0,0,0,0,0,0,0,0,0,0,green,green,Archaeplastida,Eukaryota,Archaeplastida,,,,,,
86ec928e1a864bc97f59df3083ca3592,0,0,13,0,9,0,13,0,23,0,0,26,0,0,0,0,0,0,0,0,0,0,0,0,0,0,0,0,0,0,0,0,0,0,0,0,0,0,0,0,0,0,3,0,0,0,diat,diat-bolido,Bolidophyceae,Eukaryota,Stramenopiles,Ochrophyta,Bolidophyceae,Parmales,Triparmaceae,Triparma,Triparma_mediterranea
c0d286634af60074705f795735701e5b,0,0,0,0,0,0,0,0,0,0,93,0,0,0,0,0,0,0,0,0,0,0,0,0,0,0,0,0,0,0,0,0,0,0,0,0,0,0,0,0,0,0,0,0,0,0,green,green,Chlorophyta,Eukaryota,Archaeplastida,Chlorophyta,Mamiellophyceae,Mamiellales,Mamiellaceae,Micromonas,Micromonas_sp.
3ae6d431bb0657e5fc07d85453b112e8,0,0,0,0,0,0,0,0,0,0,0,0,0,0,0,0,0,0,0,0,7,0,0,0,0,0,0,14,0,0,6,0,0,0,0,0,0,0,0,0,0,0,0,4,0,0,dict,dict,Dictyochophyceae,Eukaryota,Stramenopiles,Ochrophyta,Dictyochophyceae,Dictyochophyceae_X,Dictyochophyceae_XX,Dictyochophyceae_XXX,Dictyochophyceae_XXX_sp.
92c025def86f1f73b7df2d3cc16200fa,0,0,0,14,9,6,11,0,0,0,0,0,0,0,0,0,0,0,0,0,0,0,0,0,0,0,0,13,0,0,0,0,0,0,0,0,0,0,0,0,0,4,15,53,9,18,green,green,Chlorophyta,Eukaryota,Archaeplastida,Chlorophyta,Pyramimonadales,Pyramimonadales_X,Pyramimonadales_XX,Pyramimonas,Pyramimonas_disomata
cc30635b2921b58ab7db354f07fb10f2,0,0,0,0,0,0,0,0,0,12,0,0,0,0,0,0,0,0,0,0,0,0,0,0,0,0,0,0,7,17,0,0,0,0,0,0,0,0,0,0,0,0,0,0,0,0,hapto,hapto,Haptophyta,Eukaryota,Hacrobia,Haptophyta,Prymnesiophyceae,Phaeocystales,Phaeocystaceae,Phaeocystis,Phaeocystis_sp.
daf412270dd2b77f0007c7acd9acedd3,0,0,0,0,0,0,0,0,0,0,0,0,0,0,0,0,12,0,0,3,1,0,0,5,6,0,9,0,0,0,1,14,0,0,10,3,3,9,1,1,9,0,0,0,6,0,hapto,hapto,Haptophyta,Eukaryota,Hacrobia,Haptophyta,Prymnesiophyceae,Phaeocystales,Phaeocystaceae,Phaeocystis,Phaeocystis_sp.
7e55502cdc98eaffa3564cbf3809a9a8,328,168,195,141,206,126,96,306,650,0,0,1259,48,0,0,0,0,0,0,0,0,0,0,0,0,0,0,0,0,0,0,0,0,0,0,0,0,0,0,24,0,0,12,27,0,49,hapto,hapto,Haptophyta,Eukaryota,Hacrobia,Haptophyta,Prymnesiophyceae,Phaeocystales,Phaeocystaceae,Phaeocystis,Phaeocystis_sp.
cb9568157027d8d10d0505a66a7140d6,0,0,0,0,0,0,0,0,0,31,0,0,0,0,0,0,0,0,0,0,0,0,0,0,0,0,0,22,79,0,0,19,84,32,0,0,0,0,0,0,0,0,0,0,0,0,hapto,hapto,Haptophyta,Eukaryota,Hacrobia,Haptophyta,Prymnesiophyceae,Prymnesiales,,,
a871ad9bec91d61f589d0c4f24cae241,0,0,0,0,0,0,0,0,0,30,0,81,16,22,31,65,1855,25,0,89,0,68,0,0,0,0,0,0,0,0,0,0,0,0,0,0,0,0,34,0,0,0,0,0,0,0,dict,dict,Dictyochophyceae,Eukaryota,Stramenopiles,Ochrophyta,Dictyochophyceae,Dictyochophyceae_X,Dictyochophyceae_XX,Dictyochophyceae_XXX,Dictyochophyceae_XXX_sp.
8d41925debe11f2e34e09de8071cfdd1,0,0,18,0,17,34,21,0,0,0,0,0,0,0,0,14,0,0,0,44,8,0,0,0,0,0,0,0,0,0,0,0,17,0,0,0,0,0,0,0,0,0,0,0,0,0,hapto,hapto,Haptophyta,Eukaryota,Hacrobia,Haptophyta,Prymnesiophyceae,Prymnesiales,Prymnesiaceae,,
32b3b8ca6fc9b8a0b46aa0afc7216993,0,0,0,0,0,0,0,0,0,0,0,0,0,0,0,0,0,0,0,0,0,0,0,0,0,0,0,0,17,0,0,0,0,0,0,0,0,0,0,0,0,0,0,0,0,0,hapto,hapto,Haptophyta,Eukaryota,Hacrobia,Haptophyta,Prymnesiophyceae,Isochrysidales,Noelaerhabdaceae,Emiliania,Emiliania_huxleyi
16efe43e29c1f5c3678c87eaa1ffda5e,0,0,0,0,0,0,0,0,0,0,0,0,48,449,200,87,0,0,0,131,35,0,0,0,0,0,0,0,0,0,0,0,0,0,0,0,0,0,65,1253,97,0,0,0,0,0,diat,diat,Bacillariophyta,Eukaryota,Stramenopiles,Ochrophyta,Bacillariophyta,Bacillariophyta_X,Polar-centric-Mediophyceae,Chaetoceros,Chaetoceros_sp.
0d836213186479b6c90ac8915c05051e,0,0,0,0,0,0,0,0,0,0,6,0,0,0,0,0,0,0,0,0,0,0,0,0,0,0,0,0,0,0,0,0,0,0,0,0,0,0,0,0,0,0,0,0,0,0,green,green,Chlorophyta,Eukaryota,Archaeplastida,Chlorophyta,Pyramimonadales,Pyramimonadales_X,Pyramimonadales_XX,Pyramimonas,Pyramimonas_disomata
1ebfbbed548e4f543f91b55d2c4d455a,0,0,0,0,0,0,0,0,0,0,0,0,0,0,0,0,1,17,16,8,1,6,8,10,1,0,0,0,21,0,0,21,17,1,0,0,0,0,2,0,0,0,0,0,0,0,hapto,hapto,Haptophyta,Eukaryota,Hacrobia,Haptophyta,Prymnesiophyceae,Phaeocystales,Phaeocystaceae,Phaeocystis,Phaeocystis_sp.
7901d54983920fd3cba0d3e78c6e05cd,0,0,0,0,0,0,0,0,0,5,15,11,0,0,0,0,0,0,0,0,0,18,0,0,0,0,2,0,18,6,0,0,3,1,12,23,0,42,14,21,16,0,27,21,0,0,hapto,hapto,Haptophyta,Eukaryota,Hacrobia,Haptophyta,Prymnesiophyceae,Phaeocystales,Phaeocystaceae,Phaeocystis,Phaeocystis_sp.
1b3894014ea558369709297af94d5a62,0,0,65,0,0,54,0,269,221,0,0,123,0,0,0,0,0,0,0,0,0,0,0,0,0,0,0,0,0,0,0,0,0,0,0,0,0,0,0,0,0,0,0,0,0,0,hapto,hapto,Haptophyta,Eukaryota,Hacrobia,Haptophyta,Prymnesiophyceae,Phaeocystales,Phaeocystaceae,Phaeocystis,Phaeocystis_sp.
a4e628e536866a7f59cda414ebd685ae,0,0,0,0,0,0,0,0,0,0,0,0,0,0,0,0,0,0,0,0,0,0,0,0,0,0,0,0,0,114,0,0,0,0,0,0,0,0,0,0,0,0,0,0,0,0,diat,diat,Bacillariophyta,Eukaryota,Stramenopiles,Ochrophyta,Bacillariophyta,Bacillariophyta_X,Polar-centric-Mediophyceae,Chaetoceros,Chaetoceros_sp.
b116b81459f84e7d183e927008c2022a,0,0,0,0,0,0,0,0,0,0,0,0,0,0,0,0,0,0,60,415,104,30,6,21,0,0,0,0,74,16,0,0,0,29,0,11,0,0,12,0,0,0,0,0,0,0,hapto,hapto,Haptophyta,Eukaryota,Hacrobia,Haptophyta,Prymnesiophyceae,Phaeocystales,Phaeocystaceae,Phaeocystis,Phaeocystis_sp.
97fb0bc9802fe49a4eb39050c13837a8,0,0,0,0,0,0,0,0,0,0,0,0,0,0,0,0,0,0,0,7,0,0,0,0,0,0,0,0,0,18,0,0,0,0,0,0,0,0,0,0,0,9,8,0,0,7,hapto,hapto,Haptophyta,Eukaryota,Hacrobia,Haptophyta,Prymnesiophyceae,Phaeocystales,Phaeocystaceae,Phaeocystis,Phaeocystis_sp.
1eed4940a34e765cbdd97046f16f7c9f,0,0,0,0,0,0,0,0,0,0,0,0,0,0,0,0,0,0,0,0,0,0,0,0,0,96,17,0,0,0,0,0,0,0,0,0,0,0,0,0,0,0,0,0,0,0,dict,dict-chryso,Chrysophyceae,Eukaryota,Stramenopiles,Ochrophyta,Chrysophyceae,Chrysophyceae_X,Chrysophyceae_XX,Chrysophyceae_XXX,Chrysophyceae_XXX_sp.
6c9ab1d12a9a63675dce58c2b36eae0b,0,0,0,0,0,0,48,46,0,19,0,8,704,0,0,34,0,0,0,0,24,22,0,0,0,0,0,6,67,0,0,0,646,443,0,247,267,0,344,216,33,0,0,0,0,0,diat,diat,Bacillariophyta,Eukaryota,Stramenopiles,Ochrophyta,Bacillariophyta,Bacillariophyta_X,Radial-centric-basal-Coscinodiscophyceae,Rhizosolenia,Rhizosolenia_setigera
0f35588ee6e7422078369885e9c2822d,0,20,0,0,0,0,0,22,0,0,0,0,0,0,0,0,0,0,0,0,0,0,0,0,0,0,0,0,0,0,0,0,0,0,0,0,0,0,0,0,0,0,0,0,0,0,hapto,hapto,Haptophyta,Eukaryota,Hacrobia,Haptophyta,Prymnesiophyceae,Prymnesiales,Chrysochromulinaceae,,
f191e093187308a49e64e98d71ac6303,334,221,327,379,207,139,173,85,0,280,766,25,0,0,0,0,0,71,0,1270,168,518,0,650,233,32,147,57,0,114,729,189,325,22,932,69,22,148,141,60,26,40,166,316,130,181,crypto,crypto,Cryptophyta,Eukaryota,Hacrobia,Cryptophyta,Cryptophyceae,Cryptomonadales,Cryptomonadales_X,,
0589de84d8c89253ad526ef25a695bd2,97,57,51,137,46,113,98,0,0,0,0,0,0,0,0,0,0,0,0,0,0,0,0,0,0,0,0,0,0,0,0,0,0,0,0,0,0,56,23,20,13,31,130,112,41,156,dict,dict-pelago,Pelagophyceae,Eukaryota,Stramenopiles,Ochrophyta,Pelagophyceae,Pelagomonadales,Pelagomonadaceae,Aureococcus,Aureococcus_anophagefferens
64b39cb677b69b61604d0410afc1a703,0,0,0,0,0,0,0,66,62,0,0,0,161,0,0,0,0,0,0,71,0,0,0,0,0,0,0,0,0,0,0,0,309,542,0,0,0,0,0,0,0,0,0,37,50,30,diat,diat,Bacillariophyta,Eukaryota,Stramenopiles,Ochrophyta,Bacillariophyta,Bacillariophyta_X,,,
937f17b8776a110d42ea40b90ba97f5f,35,18,39,25,24,50,45,53,49,11,0,98,0,0,0,14,0,0,0,27,0,28,0,43,31,27,152,0,0,9,17,0,0,0,52,0,0,17,0,0,0,6,16,21,14,37,diat,diat-bolido,Bolidophyceae,Eukaryota,Stramenopiles,Ochrophyta,Bolidophyceae,Parmales,Triparmaceae,Triparma,
5d4b25072662844cdbf454ad47173486,0,0,0,0,0,0,0,0,0,169,0,0,0,0,0,0,0,0,0,0,0,0,0,0,0,0,224,138,0,139,565,91,0,0,0,0,0,0,0,0,0,0,82,135,0,63,green,green,Chlorophyta,Eukaryota,Archaeplastida,Chlorophyta,Mamiellophyceae,Mamiellales,Mamiellaceae,,
cf87c2d78e0b1e20df977e3618eba314,0,0,0,0,0,0,0,0,0,0,0,63,0,0,0,0,0,0,0,0,0,0,0,0,0,0,0,0,0,0,0,0,0,0,0,0,0,0,0,0,0,0,0,0,0,0,hapto,hapto,Haptophyta,Eukaryota,Hacrobia,Haptophyta,Prymnesiophyceae,Prymnesiales,Chrysochromulinaceae,Chrysochromulina,Chrysochromulina_camella
5b1fdd367f8a9f16695566552dd6bae7,0,0,0,0,0,0,0,0,0,0,22,0,0,0,0,0,0,0,0,0,0,42,0,0,0,0,0,0,0,21,50,0,0,0,14,12,0,0,0,0,0,0,0,0,0,0,dict,dict-chryso,Chrysophyceae,Eukaryota,Stramenopiles,Ochrophyta,Chrysophyceae,Chrysophyceae_X,Chrysophyceae_XX,Chrysophyceae_XXX,Chrysophyceae_XXX_sp.
60f1e0e23b49177fdc36f1f0a0eada4d,0,0,0,0,0,0,0,0,0,0,0,0,0,0,0,0,0,0,0,0,0,0,0,0,0,0,0,0,0,0,0,0,0,0,0,0,0,0,0,0,0,0,0,0,0,0,green,green,Chlorophyta,Eukaryota,Archaeplastida,Chlorophyta,Mamiellophyceae,Mamiellales,Mamiellaceae,Mamiella,Mamiella_sp.
1e6ca66bf9acf9d487ab6834a37c407f,0,0,0,58,0,33,0,16,0,13,13,0,0,0,0,0,0,0,0,0,0,0,0,0,0,16,39,0,0,0,11,0,7,0,0,0,0,0,0,0,0,0,0,0,0,0,dict,dict-chryso,Chrysophyceae,Eukaryota,Stramenopiles,Ochrophyta,Chrysophyceae,Chrysophyceae_X,Chrysophyceae_XX,Chrysophyceae_XXX,Chrysophyceae_XXX_sp.
28fdf57910593e1916a78fa7a3c0746b,712,316,272,311,119,325,350,824,718,1238,3868,675,67,0,0,0,16,21,0,60,0,158,22,74,54,0,634,138,19,35,42,17,146,19,1059,87,17,346,200,305,100,246,590,403,225,1145,dict,dict,Dictyochophyceae,Eukaryota,Stramenopiles,Ochrophyta,Dictyochophyceae,Dictyochophyceae_X,Florenciellales,Florenciella,Florenciella_parvula
e001d54302c5aee4d2bf0cb276e0006c,0,0,0,0,0,0,0,14,0,0,0,22,42,0,102,41,0,0,0,92,0,0,0,0,0,0,0,0,0,0,0,0,0,0,0,0,0,0,0,521,42,0,0,0,0,0,diat,diat,Bacillariophyta,Eukaryota,Stramenopiles,Ochrophyta,Bacillariophyta,Bacillariophyta_X,Polar-centric-Mediophyceae,Chaetoceros,Chaetoceros_sp.
9b28d2342db604a10f5b0a863720cca0,0,0,0,0,0,0,0,17,0,0,0,0,0,0,0,0,0,0,0,0,0,0,0,0,0,0,0,0,0,0,0,0,0,0,0,0,0,0,0,0,0,0,0,0,0,0,hapto,hapto,Haptophyta,Eukaryota,Hacrobia,Haptophyta,Prymnesiophyceae,,,,
d2aeb887bc681e8c733613a0dbf4e22d,0,0,0,0,0,0,0,0,0,0,0,0,0,0,0,0,0,0,0,0,0,0,0,0,0,0,0,0,0,0,0,0,0,0,0,0,0,0,0,0,0,0,0,0,0,0,dict,dict,Dictyochophyceae,Eukaryota,Stramenopiles,Ochrophyta,Dictyochophyceae,Dictyochophyceae_X,,,
a50165fd31f85e031fb7b7545b817592,33,43,0,21,0,41,0,34,18,0,0,0,0,0,0,0,0,0,0,238,89,0,0,0,0,0,0,0,0,0,0,0,0,0,0,0,0,34,62,53,0,0,0,21,33,92,hapto,hapto,Haptophyta,Eukaryota,Hacrobia,Haptophyta,Prymnesiophyceae,,,,
62aa55e2ffede44c53e672f049243bb3,0,0,0,0,0,0,0,0,0,13,0,0,0,14,0,0,0,0,0,0,0,0,0,0,0,0,0,0,0,0,0,0,11,0,0,0,0,0,0,14,31,0,0,0,0,0,diat,diat,Bacillariophyta,Eukaryota,Stramenopiles,Ochrophyta,Bacillariophyta,Bacillariophyta_X,Radial-centric-basal-Coscinodiscophyceae,,
f44d1332b5020059dd031834352371b7,0,0,0,0,0,0,0,0,0,0,0,0,0,0,0,51,0,0,0,0,0,0,0,0,0,0,0,0,0,0,0,0,0,0,0,0,0,0,0,0,0,0,0,0,0,0,diat,diat,Bacillariophyta,Eukaryota,Stramenopiles,Ochrophyta,Bacillariophyta,Bacillariophyta_X,,,
8dd40a75734608b096b545e29936dd46,0,0,0,0,0,0,0,0,0,0,0,0,0,136,640,104,0,0,0,86,0,0,0,0,0,0,0,0,831,49,0,0,414,258,0,0,0,0,495,0,0,0,0,0,0,0,diat,diat,Bacillariophyta,Eukaryota,Stramenopiles,Ochrophyta,Bacillariophyta,Bacillariophyta_X,Polar-centric-Mediophyceae,Chaetoceros,Chaetoceros_sp.
845a2ebff01ee0b45e9cd2a5fbbbeacc,54,0,0,0,0,0,0,0,0,0,0,0,0,0,0,0,0,0,0,0,0,0,0,0,0,0,0,0,0,0,0,0,0,0,0,0,0,0,0,0,0,0,0,0,0,0,dict,dict,Dictyochophyceae,Eukaryota,Stramenopiles,Ochrophyta,Dictyochophyceae,Dictyochophyceae_X,Florenciellales,Florenciella,Florenciella_parvula
d963093d8719d950d826faed9df44c8c,0,0,0,0,0,0,0,0,0,0,0,0,0,0,0,0,0,0,0,0,0,0,0,0,0,0,0,0,43,0,0,0,0,0,0,0,0,0,0,0,0,0,0,0,0,0,hapto,hapto,Haptophyta,Eukaryota,Hacrobia,Haptophyta,Prymnesiophyceae,Phaeocystales,Phaeocystaceae,Phaeocystis,Phaeocystis_sp.
ee205f4bdb49a0972a201cb26d576bc3,57,55,59,79,64,166,135,0,36,51,385,25,0,0,0,0,0,10,0,69,0,186,0,40,80,0,18,42,0,0,52,39,74,0,760,281,0,651,627,172,95,80,346,426,273,303,diat,diat,Bacillariophyta,Eukaryota,Stramenopiles,Ochrophyta,Bacillariophyta,Bacillariophyta_X,Polar-centric-Mediophyceae,Arcocellulus,Arcocellulus_mammifer
4a38d1ea0c7cbf3f011143f92d12841d,0,0,0,0,0,0,0,0,0,0,0,0,0,0,0,0,0,0,0,0,0,18,0,12,15,0,0,0,0,0,0,0,0,0,13,0,0,0,0,0,0,0,0,0,0,0,dict,dict-chryso,Chrysophyceae,Eukaryota,Stramenopiles,Ochrophyta,Chrysophyceae,Chrysophyceae_X,Chrysophyceae_XX,Chrysophyceae_XXX,Chrysophyceae_XXX_sp.
2f13c8a309dc27e7792c1cafd5b9e4b5,0,0,0,0,0,0,0,0,0,0,0,0,0,0,19,17,0,0,19,50,57,0,0,0,0,0,0,0,17,0,0,0,0,0,0,0,0,0,0,0,0,0,0,0,0,0,diat,diat,Bacillariophyta,Eukaryota,Stramenopiles,Ochrophyta,Bacillariophyta,Bacillariophyta_X,,,
225b65adc0404c453fb1fdc9847df447,0,0,0,0,0,0,0,0,0,0,0,0,0,0,0,0,0,0,0,47,32,58,0,0,0,0,0,0,87,26,0,0,0,11,0,0,0,0,0,0,0,0,0,0,0,0,hapto,hapto,Haptophyta,Eukaryota,Hacrobia,Haptophyta,Prymnesiophyceae,Prymnesiales,Chrysochromulinaceae,,
e374e3a6e658d98271e028e36131f5b4,0,0,0,0,0,0,0,0,0,0,0,0,16,0,0,24,35,39,21,70,69,30,0,0,0,0,0,0,13,14,9,0,70,0,0,0,0,0,0,0,0,0,0,15,0,0,dict,dict,Dictyochophyceae,Eukaryota,Stramenopiles,Ochrophyta,Dictyochophyceae,Dictyochophyceae_X,Dictyochophyceae_XX,Dictyochophyceae_XXX,Dictyochophyceae_XXX_sp.
d3126a5b4185b7e9c7d8220ead5f96ee,171,136,135,341,178,726,838,188,151,11,228,192,66,0,0,0,0,0,0,15,0,0,0,23,23,15,35,47,0,28,19,47,183,0,224,78,0,153,99,41,30,29,285,399,260,699,diat,diat-bolido,Bolidophyceae,Eukaryota,Stramenopiles,Ochrophyta,Bolidophyceae,Parmales,Triparmaceae,Triparma,Triparma_pacifica
df5bc3253141276d496faaaf1a1f7ec1,0,0,0,0,0,0,0,0,0,0,0,0,0,0,0,0,0,0,0,0,0,0,0,0,0,0,0,0,0,0,0,0,0,0,0,0,0,0,0,0,0,0,0,0,0,0,hapto,hapto,Haptophyta,Eukaryota,Hacrobia,Haptophyta,Prymnesiophyceae,,,,
005fbb5e3d687189ac8414729fb82a31,0,0,0,0,0,79,37,0,0,0,0,0,0,0,0,0,0,0,0,0,0,0,0,0,0,0,0,0,0,0,0,0,0,0,0,0,0,0,0,0,0,0,46,58,0,68,green,green,Chlorophyta,Eukaryota,Archaeplastida,Chlorophyta,Mamiellophyceae,Mamiellales,Bathycoccaceae,Bathycoccus,Bathycoccus_prasinos
88ff902101371ef9e18d0dc4beda5aef,0,0,0,0,0,0,0,0,0,0,0,0,0,68,287,280,155,82,575,92,240,0,0,0,0,0,0,0,162,0,0,0,30,0,0,0,0,0,0,22,0,16,0,0,0,0,diat,diat,Bacillariophyta,Eukaryota,Stramenopiles,Ochrophyta,Bacillariophyta,Bacillariophyta_X,Polar-centric-Mediophyceae,Chaetoceros,
afdc6ec86e8381c747dec1789f1a46b7,0,0,0,0,0,0,0,0,0,0,0,0,0,0,0,0,0,0,0,0,0,0,0,0,0,0,0,0,0,0,0,0,0,0,0,0,0,0,0,0,0,0,0,0,0,0,diat,diat,Bacillariophyta,Eukaryota,Stramenopiles,Ochrophyta,Bacillariophyta,Bacillariophyta_X,,,
002b5fe028eef1abba67ca968679b388,0,0,0,0,0,0,0,0,0,41,0,0,13,0,0,0,0,0,0,0,9,0,0,0,0,0,0,0,82,0,0,0,0,0,0,10,0,0,0,0,0,0,0,0,0,0,diat,diat,Bacillariophyta,Eukaryota,Stramenopiles,Ochrophyta,Bacillariophyta,Bacillariophyta_X,Radial-centric-basal-Coscinodiscophyceae,,
2b805b35ea72f2c28fc3ae66792520b6,0,0,0,0,0,0,0,0,0,0,0,0,0,0,0,0,0,0,0,0,246,0,0,0,0,0,0,0,0,0,0,0,0,0,0,0,0,0,0,0,0,0,0,0,0,0,crypto,crypto,Cryptophyta,Eukaryota,Hacrobia,Cryptophyta,Cryptophyceae,Cryptomonadales,Cryptomonadales_X,Teleaulax,Teleaulax_sp.
c5585fdf9af854ba94e961e5fcdaeca3,0,0,0,0,0,0,0,0,0,0,0,0,0,0,0,0,0,0,13,4,0,0,0,0,0,0,0,0,0,0,0,0,0,0,0,0,0,0,0,0,0,0,0,0,0,0,ochro,ochro,Ochrophyta,Eukaryota,Stramenopiles,Ochrophyta,,,,,
543e9d7dd9755bba8e5bef193af3c7c9,0,0,0,0,0,0,0,0,0,0,0,0,45,75,25,0,0,0,0,0,22,0,0,0,0,0,0,0,47,0,0,0,0,0,0,0,0,0,44,0,0,0,0,0,0,0,diat,diat,Bacillariophyta,Eukaryota,Stramenopiles,Ochrophyta,Bacillariophyta,Bacillariophyta_X,Radial-centric-basal-Coscinodiscophyceae,Rhizosolenia,Rhizosolenia_setigera
b4808d0bd8b6e2f38cfbb07504559391,0,0,0,0,0,0,0,0,0,0,0,0,15,0,0,0,0,0,0,0,88,0,0,0,0,0,0,0,34,0,0,0,0,0,0,0,30,0,176,0,0,0,0,0,0,0,diat,diat,Bacillariophyta,Eukaryota,Stramenopiles,Ochrophyta,Bacillariophyta,Bacillariophyta_X,Radial-centric-basal-Coscinodiscophyceae,Rhizosolenia,Rhizosolenia_setigera
81652c6893f7f1020230a5a0a88b43be,102,63,0,0,0,0,0,69,183,0,0,280,0,0,0,185,91,0,0,0,0,0,0,0,0,0,0,0,0,0,0,0,0,0,0,0,0,0,0,0,0,0,0,0,0,140,hapto,hapto,Haptophyta,Eukaryota,Hacrobia,Haptophyta,Prymnesiophyceae,Phaeocystales,Phaeocystaceae,Phaeocystis,
e3e90896e0bb5f0d89b270864cd96a47,0,0,0,0,0,0,0,0,0,0,0,0,6,10,0,0,0,0,0,0,0,0,0,0,0,0,0,0,0,0,0,0,0,0,0,0,9,0,1,2,0,0,0,0,0,0,diat,diat,Bacillariophyta,Eukaryota,Stramenopiles,Ochrophyta,Bacillariophyta,Bacillariophyta_X,Radial-centric-basal-Coscinodiscophyceae,Stephanopyxis,
846bef2bd4ac68f2f4a77a1bdfe146a8,0,0,0,0,0,0,0,0,0,0,0,0,127,0,0,0,0,0,0,0,0,0,0,0,0,0,0,0,0,0,0,0,0,0,0,0,0,0,0,69,0,0,0,0,0,0,diat,diat,Bacillariophyta,Eukaryota,Stramenopiles,Ochrophyta,Bacillariophyta,Bacillariophyta_X,Radial-centric-basal-Coscinodiscophyceae,Rhizosolenia,Rhizosolenia_setigera
67c87cb6a101888ab9b672da83341e6c,0,0,0,0,0,0,0,0,0,0,0,0,0,0,0,0,0,34,0,27,0,0,0,22,0,0,0,0,0,0,0,0,11,0,0,0,0,0,38,0,0,0,0,0,0,0,dict,dict-chryso,Chrysophyceae,Eukaryota,Stramenopiles,Ochrophyta,Chrysophyceae,Chrysophyceae_X,Chrysophyceae_XX,Chrysophyceae_XXX,Chrysophyceae_XXX_sp.
3fc98b0a12e2f7e5b617ca969ca9ab65,0,0,0,0,0,0,0,0,0,0,0,0,0,0,0,0,0,0,0,0,0,0,0,0,0,0,0,0,0,0,0,0,0,0,0,0,20,0,110,43,0,0,0,0,0,0,diat,diat,Bacillariophyta,Eukaryota,Stramenopiles,Ochrophyta,Bacillariophyta,Bacillariophyta_X,,,
8528496d6cb51111e23c7a42f8284ee5,0,0,0,0,0,0,0,0,0,0,0,0,0,0,0,0,0,0,0,0,0,0,0,47,0,0,9,0,0,0,0,0,0,0,0,0,0,0,0,0,0,0,0,0,0,0,dict,dict-chryso,Chrysophyceae,Eukaryota,Stramenopiles,Ochrophyta,Chrysophyceae,Chrysophyceae_X,Chrysophyceae_Clade_C,Ochromonas,Ochromonas_sp.
87817405e572b4237603ea68f608150f,0,0,0,0,0,0,0,0,0,301,0,0,0,0,0,0,0,0,0,0,0,0,0,0,0,0,0,45,0,26,0,0,0,0,0,0,0,0,0,0,0,0,0,0,0,0,hapto,hapto,Haptophyta,Eukaryota,Hacrobia,Haptophyta,Prymnesiophyceae,Phaeocystales,Phaeocystaceae,Phaeocystis,Phaeocystis_sp.
3babcd8dd23408b15329e30678398bcb,0,0,0,0,0,0,0,0,0,0,0,0,0,0,0,0,0,0,0,13,0,0,0,0,0,0,0,0,0,0,0,0,0,0,0,0,0,0,0,0,0,0,0,0,0,0,hapto,hapto,Haptophyta,Eukaryota,Hacrobia,Haptophyta,Prymnesiophyceae,Phaeocystales,Phaeocystaceae,Phaeocystis,Phaeocystis_sp.
19a052022549d50652a519150bc5b757,0,0,0,0,0,0,0,0,0,0,0,0,0,0,0,0,0,0,7,50,0,0,0,0,0,0,0,0,0,0,0,0,0,0,0,0,0,0,0,0,0,0,0,0,0,0,green,green,Chlorophyta,Eukaryota,Archaeplastida,Chlorophyta,Nephroselmidophyceae,Nephroselmidales,Nephroselmidales_X,Nephroselmis,Nephroselmis_pyriformis
264dbc7fbf304fa33d636264e59e706f,0,0,0,0,0,0,0,0,0,0,0,0,0,0,0,0,0,0,0,10,5,0,0,1,0,0,0,0,2,0,0,0,0,2,0,2,0,0,1,0,0,0,0,0,0,0,hapto,hapto,Haptophyta,Eukaryota,Hacrobia,Haptophyta,Prymnesiophyceae,,,,
b45850abf6a612a7f85945a5bb21baf2,0,0,0,0,0,0,0,0,0,0,0,0,0,0,0,15,0,0,0,0,0,0,0,0,0,0,0,0,0,0,0,0,19,0,0,0,5,0,25,0,0,0,0,0,0,0,diat,diat,Bacillariophyta,Eukaryota,Stramenopiles,Ochrophyta,Bacillariophyta,Bacillariophyta_X,,,
122d04428957546a2f18b426b904197e,0,0,0,0,0,0,0,27,0,0,0,0,214,1031,43,38,0,0,0,0,371,0,0,0,0,0,0,0,63,0,0,0,0,0,0,0,116,0,74,198,59,0,0,0,22,0,diat,diat,Bacillariophyta,Eukaryota,Stramenopiles,Ochrophyta,Bacillariophyta,Bacillariophyta_X,Polar-centric-Mediophyceae,Ditylum,Ditylum_brightwellii
1ccffc5619ea64cc464303cc8ccc6474,0,0,0,0,0,0,0,0,0,197,0,0,0,0,0,0,0,0,0,0,104,23,129,1273,185,0,7,6,22,62,202,4,2155,63,10,25,0,0,8,0,0,0,8,0,9,27,macro,macro,Phaeophyceae,Eukaryota,Stramenopiles,Ochrophyta,Phaeophyceae,Phaeophyceae_X,Phaeophyceae_XX,Phaeophyceae_XXX,Phaeophyceae_XXX_sp.
8629e99edd5931f71a4a12c8833c81b6,0,0,14,0,13,0,3,7,16,0,0,0,0,0,0,0,0,0,0,0,0,0,0,0,0,0,0,0,0,0,0,0,0,0,0,0,0,0,0,0,0,0,0,0,0,0,diat,diat-bolido,Bolidophyceae,Eukaryota,Stramenopiles,Ochrophyta,Bolidophyceae,Parmales,Triparmaceae,Triparma,Triparma_mediterranea
23ea69d5fa257663d2e9ae0723e4d75f,0,0,0,0,0,0,0,0,0,0,0,0,0,0,0,0,0,0,0,0,16,0,0,0,0,0,0,0,0,0,0,0,0,0,0,0,0,0,15,0,0,0,0,0,0,0,diat,diat,Bacillariophyta,Eukaryota,Stramenopiles,Ochrophyta,Bacillariophyta,Bacillariophyta_X,,,
85695dfac43cc22747a9271801ae90d0,0,0,0,0,0,0,0,0,0,0,0,0,0,0,0,0,0,0,3,2,1,0,0,0,0,0,0,0,0,0,0,0,0,0,0,0,0,0,0,0,0,0,0,0,0,0,hapto,hapto,Haptophyta,Eukaryota,Hacrobia,Haptophyta,Prymnesiophyceae,Prymnesiales,Chrysochromulinaceae,Chrysochromulina,Chrysochromulina_sp.
8f34219e239c6727e4bcb852d4488b09,0,0,0,0,0,0,0,0,0,0,0,0,0,0,0,0,0,0,0,0,10,19,0,13,0,0,11,0,65,0,0,0,0,0,0,0,0,0,0,0,0,0,0,0,0,0,hapto,hapto,Haptophyta,Eukaryota,Hacrobia,Haptophyta,Prymnesiophyceae,Phaeocystales,Phaeocystaceae,Phaeocystis,Phaeocystis_sp.
2464524c091075124b50776b70cc3697,0,0,0,0,0,0,0,0,0,0,31,0,0,0,0,0,0,0,0,0,0,0,0,0,0,0,0,0,0,38,0,0,0,0,0,0,0,0,0,0,0,0,0,0,0,0,hapto,hapto,Haptophyta,Eukaryota,Hacrobia,Haptophyta,Prymnesiophyceae,Phaeocystales,Phaeocystaceae,Phaeocystis,Phaeocystis_sp.
02564570e1b4f7c19a9f3401fb29e550,0,0,0,0,0,0,0,0,0,0,0,0,0,0,0,0,0,0,0,0,0,0,0,0,0,76,0,0,0,0,0,0,0,0,0,0,0,0,0,0,0,0,0,0,0,0,dict,dict-chryso,Chrysophyceae,Eukaryota,Stramenopiles,Ochrophyta,Chrysophyceae,Chrysophyceae_X,Chrysophyceae_XX,Chrysophyceae_XXX,Chrysophyceae_XXX_sp.
565bed4318b3a9cc934064ef5127e26e,0,0,0,0,0,0,0,21,0,0,0,0,0,0,0,0,0,0,0,0,0,0,0,0,0,0,0,0,0,0,0,0,0,0,0,0,0,0,0,0,0,0,0,0,0,0,diat,diat,Bacillariophyta,Eukaryota,Stramenopiles,Ochrophyta,Bacillariophyta,Bacillariophyta_X,Polar-centric-Mediophyceae,Arcocellulus,Arcocellulus_mammifer
ad8e4838820028b89bd79e4613034363,4,4,2,2,32,3,5,0,0,0,0,0,0,0,0,0,0,0,0,0,0,0,0,0,0,0,0,0,0,0,0,0,0,0,0,0,0,24,19,4,0,0,33,27,14,38,dict,dict-pelago,Pelagophyceae,Eukaryota,Stramenopiles,Ochrophyta,Pelagophyceae,Pelagomonadales,Pelagomonadaceae,Aureococcus,Aureococcus_anophagefferens
bc229154aa4037656be5eddaa77e5bbc,140,44,25,0,24,0,0,51,90,16,0,178,42,19,0,65,16,0,0,0,0,27,0,0,0,0,0,0,0,0,0,0,0,0,0,0,0,0,0,32,18,93,63,277,128,185,dict,dict,Dictyochophyceae,Eukaryota,Stramenopiles,Ochrophyta,Dictyochophyceae,Dictyochophyceae_X,Dictyochophyceae_XX,Dictyochophyceae_XXX,Dictyochophyceae_XXX_sp.
ec1c3b74cdf92ad4e0ca79d384966887,0,0,95,0,0,0,0,114,100,98,0,49,823,637,177,175,0,0,0,95,153,57,0,0,8,0,26,0,41,0,0,0,0,0,0,0,39,0,97,100,107,0,22,22,0,73,diat,diat,Bacillariophyta,Eukaryota,Stramenopiles,Ochrophyta,Bacillariophyta,Bacillariophyta_X,Polar-centric-Mediophyceae,Thalassiosira,
1992fbc455e64a51131a85e970e54e43,0,0,0,0,0,0,0,0,0,0,0,0,0,0,8,0,0,0,0,0,0,0,0,0,0,0,0,0,20,13,0,0,0,0,0,0,22,0,19,14,0,12,0,0,0,0,diat,diat,Bacillariophyta,Eukaryota,Stramenopiles,Ochrophyta,Bacillariophyta,Bacillariophyta_X,Radial-centric-basal-Coscinodiscophyceae,Coscinodiscus,Coscinodiscus_sp.
7e94bb2e854ef185ec0875305b175a78,0,0,0,0,0,0,0,0,0,0,0,0,0,0,0,0,0,0,0,0,0,0,0,0,0,0,0,0,0,0,0,0,0,0,0,0,0,0,0,0,0,0,0,0,0,0,raph,raph-nanno,Eustigmatophyceae,Eukaryota,Stramenopiles,Ochrophyta,Eustigmatophyceae,Eustigmatophyceae_X,Eustigmatophyceae_XX,Nannochloropsis,Nannochloropsis_sp.
74867b26f5e00dfd83de75cca1bec81e,0,0,0,0,0,0,0,0,0,0,0,59,0,0,0,0,0,0,0,0,0,0,0,0,0,0,0,0,0,0,0,0,0,0,0,0,0,0,0,0,0,0,0,0,0,0,diat,diat,Bacillariophyta,Eukaryota,Stramenopiles,Ochrophyta,Bacillariophyta,Bacillariophyta_X,,,
875063a61ab934c4c65743e03d2b806f,11,15,13,22,8,38,47,17,0,15,5,7,0,0,0,0,0,0,0,0,0,0,0,0,0,0,13,8,0,61,60,5,0,0,31,0,0,36,14,42,14,11,48,42,47,88,green,green,Chlorophyta,Eukaryota,Archaeplastida,Chlorophyta,Trebouxiophyceae,Chlorellales,Chlorellales_X,Picochlorum,Picochlorum_sp.
75d1b6addcf5918c0b73d60743e7acd7,0,0,0,0,0,0,0,0,0,16,0,0,0,0,0,0,0,0,0,0,0,0,0,0,0,0,0,0,0,0,0,0,0,0,0,0,0,0,0,0,0,0,0,0,0,0,green,green,Chlorophyta,Eukaryota,Archaeplastida,Chlorophyta,Mamiellophyceae,Mamiellales,Mamiellaceae,Mamiella,Mamiella_sp.
636ae020aafcebbc3f30e59adc944c83,17,0,0,0,15,1,10,0,0,0,0,0,0,0,0,0,0,0,0,0,0,4,0,0,8,0,0,0,0,4,0,0,0,0,0,0,0,0,0,0,0,0,0,0,0,16,hapto,hapto,Haptophyta,Eukaryota,Hacrobia,Haptophyta,Prymnesiophyceae,Phaeocystales,Phaeocystaceae,Phaeocystis,Phaeocystis_sp.
c7daa3d6d62ae0266f9f75b969fc47fb,0,0,0,0,0,0,0,0,0,28,41,0,0,0,0,0,28,0,8,22,13,20,0,34,0,0,0,20,4,25,2,0,3,12,36,21,20,25,28,37,0,38,0,19,12,0,hapto,hapto,Haptophyta,Eukaryota,Hacrobia,Haptophyta,Prymnesiophyceae,Prymnesiales,Chrysochromulinaceae,,
17e2029d945f4d25e138b9c18b494bd8,2644,891,546,802,290,1544,471,928,1155,40,376,561,165,113,64,0,166,51,0,156,12,177,0,77,76,0,0,49,0,0,107,56,133,21,207,55,25,418,346,218,85,480,992,1286,337,1866,hapto,hapto,Haptophyta,Eukaryota,Hacrobia,Haptophyta,Prymnesiophyceae,Phaeocystales,Phaeocystaceae,Phaeocystis,Phaeocystis_globosa
8e0c9a0f26bd11181aac78b4c1b87518,0,0,0,0,0,20,0,0,0,0,0,0,0,0,0,0,0,0,0,0,0,0,0,0,0,0,0,0,0,0,0,0,0,0,0,0,0,0,0,0,0,0,0,0,0,0,hapto,hapto,Haptophyta,Eukaryota,Hacrobia,Haptophyta,Prymnesiophyceae,Phaeocystales,Phaeocystaceae,Phaeocystis,Phaeocystis_sp.
a98e32d7abb953752146f81144135465,0,0,0,0,0,0,0,0,0,0,0,0,0,0,0,0,0,0,0,44,0,0,13,30,0,0,0,0,23,0,0,0,44,46,0,0,0,0,0,0,0,0,0,0,0,0,hapto,hapto,Haptophyta,Eukaryota,Hacrobia,Haptophyta,Prymnesiophyceae,Phaeocystales,Phaeocystaceae,Phaeocystis,Phaeocystis_sp.
05be8677db9c82343b7622d393716267,0,0,0,0,0,0,0,0,0,0,0,0,0,9,0,13,0,0,0,22,0,0,0,0,0,0,0,0,0,0,0,0,0,0,0,0,0,0,0,0,0,0,0,0,0,0,diat,diat,Bacillariophyta,Eukaryota,Stramenopiles,Ochrophyta,Bacillariophyta,Bacillariophyta_X,Raphid-pennate,Navicula,
0fdd354e5ae07ce55cc6edec04b8477a,0,0,0,0,0,0,0,0,0,0,0,0,0,0,0,185,0,0,0,0,0,0,0,0,0,0,0,0,0,0,0,0,0,0,0,0,0,0,0,0,0,0,0,0,0,0,hapto,hapto,Haptophyta,Eukaryota,Hacrobia,Haptophyta,Prymnesiophyceae,Phaeocystales,Phaeocystaceae,Phaeocystis,
4c90a2ba08ccf14b21babbe5d26f9596,1,1,0,0,0,0,0,0,0,0,0,0,0,0,0,0,0,0,0,0,0,0,0,0,0,0,0,0,0,0,0,0,0,0,0,0,0,0,0,0,0,0,0,0,0,0,hapto,hapto,Haptophyta,Eukaryota,Hacrobia,Haptophyta,Prymnesiophyceae,Phaeocystales,Phaeocystaceae,Phaeocystis,Phaeocystis_sp.
2c791528120469b19c70dd94bab4a1d0,0,0,0,0,0,0,0,0,0,0,0,0,0,0,0,0,0,3,0,0,0,0,0,0,11,0,0,0,0,0,0,0,0,0,0,0,0,0,0,5,0,0,0,0,0,0,diat,diat,Bacillariophyta,Eukaryota,Stramenopiles,Ochrophyta,Bacillariophyta,Bacillariophyta_X,,,
d9cd9fa120f620ac667a0db15bba4cb6,0,0,0,0,0,0,0,0,0,0,0,0,0,0,0,17,0,0,0,0,0,0,0,0,0,0,0,0,0,0,0,0,0,0,0,0,0,0,0,0,0,0,0,0,0,0,hapto,hapto,Haptophyta,Eukaryota,Hacrobia,Haptophyta,Prymnesiophyceae,Phaeocystales,Phaeocystaceae,Phaeocystis,Phaeocystis_sp.
bebb02c10cf4be34c57942cd9e1469c5,0,0,0,36,0,0,0,52,30,0,20,69,0,0,0,0,0,0,0,0,0,0,0,0,0,0,0,0,0,0,0,0,0,0,17,0,0,33,0,0,0,0,0,50,20,29,crypto,crypto,Cryptophyta,Eukaryota,Hacrobia,Cryptophyta,Cryptophyceae,Cryptomonadales,Cryptomonadales_X,,
65ec0bc579cfc403dff7d7261e0e3245,28,0,0,0,0,26,14,31,49,0,0,45,0,0,0,34,0,0,0,36,0,0,0,0,0,0,0,0,0,0,0,0,0,0,0,0,0,0,0,0,0,0,0,0,0,56,hapto,hapto,Haptophyta,Eukaryota,Hacrobia,Haptophyta,Prymnesiophyceae,Phaeocystales,Phaeocystaceae,Phaeocystis,Phaeocystis_sp.
e24a601a6e3fdaf87729ebc7c2012b50,0,0,0,0,0,0,0,18,9,0,0,0,0,0,0,0,0,0,20,38,8,6,0,0,0,0,0,0,0,0,0,0,0,0,0,0,0,0,0,0,0,0,0,0,0,0,hapto,hapto,Haptophyta,Eukaryota,Hacrobia,Haptophyta,Prymnesiophyceae,Prymnesiophyceae_X,Prymnesiophyceae_XX,Prymnesiophyceae_XXX,Prymnesiophyceae_XXX_sp.
7dee3dc1aee40f058f0359546c438a21,1965,1453,1589,3299,746,3841,2626,2367,1173,1751,1000,1797,72,0,0,4,78,759,13,3013,164,1489,123,2110,4012,1365,1795,1028,0,3271,4244,1459,632,11,1950,127,16,452,335,75,100,462,2830,2955,589,3440,green,green,Chlorophyta,Eukaryota,Archaeplastida,Chlorophyta,Mamiellophyceae,Mamiellales,Mamiellaceae,Mamiellaceae_X,Mamiellaceae_X_sp.
a06a83d8f0c3f245cde080ed5348f4de,0,0,0,0,0,0,0,0,0,0,0,0,0,0,0,16,0,0,0,0,40,0,0,0,0,0,0,0,0,0,0,0,0,0,0,0,0,0,0,0,0,0,0,0,0,0,hapto,hapto,Haptophyta,Eukaryota,Hacrobia,Haptophyta,Prymnesiophyceae,Phaeocystales,Phaeocystaceae,Phaeocystis,Phaeocystis_sp.
42f9730ad73362341bbcdfb16139ef76,0,0,0,0,0,0,0,0,0,0,0,0,0,0,0,0,0,0,0,0,0,0,0,0,0,0,0,0,0,0,0,0,0,0,0,0,0,0,0,6,0,0,0,0,0,0,dict,dict,Dictyochophyceae,Eukaryota,Stramenopiles,Ochrophyta,Dictyochophyceae,Dictyochophyceae_X,Pedinellales,Pedinella,Pedinella_sp.
a411a729c6ac9cb1aa0a476276e9813a,0,0,0,0,0,0,0,0,0,0,0,0,0,0,0,0,0,0,0,0,0,0,0,0,0,0,0,0,0,0,0,0,0,0,0,0,0,0,0,0,0,0,0,0,0,0,dict,dict-chryso,Chrysophyceae,Eukaryota,Stramenopiles,Ochrophyta,Chrysophyceae,Chrysophyceae_X,Chrysophyceae_Clade_C,Ochromonas,Ochromonas_sp.
ba3ec9981b9099a1b82773105a42a45a,0,0,0,0,0,0,0,0,0,0,0,0,0,0,0,0,0,0,0,0,0,47,0,0,0,0,0,0,0,0,0,0,0,0,0,0,0,0,0,0,0,0,0,0,0,0,diat,diat,Bacillariophyta,Eukaryota,Stramenopiles,Ochrophyta,Bacillariophyta,Bacillariophyta_X,Polar-centric-Mediophyceae,Chaetoceros,
047c5ac9d403f482d51f39611ae22776,0,0,0,0,0,0,0,0,0,0,0,0,0,0,0,0,0,0,0,0,0,0,0,0,0,0,0,0,0,0,0,0,0,0,0,0,0,0,0,0,0,0,0,0,0,0,dict,dict-chryso,Chrysophyceae,Eukaryota,Stramenopiles,Ochrophyta,Chrysophyceae,Chrysophyceae_X,Chrysophyceae_XX,Chrysophyceae_XXX,Chrysophyceae_XXX_sp.
f22f08b7ee5db1da326614dacbcd03af,0,0,0,0,0,0,0,0,0,0,0,0,0,0,0,0,0,0,0,75,0,0,0,0,0,0,0,0,0,0,0,0,0,0,0,0,0,0,0,0,0,0,0,0,0,0,hapto,hapto,Haptophyta,Eukaryota,Hacrobia,Haptophyta,Prymnesiophyceae,Phaeocystales,Phaeocystaceae,Phaeocystis,Phaeocystis_sp.
61e1bee070060da6d354245f138e4e95,0,0,0,0,0,0,0,0,0,0,57,0,0,0,0,0,0,0,0,0,0,0,0,0,0,0,0,10,0,0,0,0,0,0,0,43,0,0,0,0,0,0,0,0,0,0,dict,dict,Dictyochophyceae,Eukaryota,Stramenopiles,Ochrophyta,Dictyochophyceae,Dictyochophyceae_X,Dictyochophyceae_XX,Dictyochophyceae_XXX,Dictyochophyceae_XXX_sp.
3b4d3ce110e669aab0ad0154395b6192,0,0,0,0,0,0,0,0,0,0,0,96,0,0,0,6,13,0,0,0,0,0,0,0,0,0,0,0,0,0,0,0,0,0,0,0,0,0,15,1,0,0,0,0,12,2,hapto,hapto,Haptophyta,Eukaryota,Hacrobia,Haptophyta,Prymnesiophyceae,Phaeocystales,Phaeocystaceae,Phaeocystis,Phaeocystis_sp.
3ff699c439ac3ec105f2ed776d3b719b,0,0,0,0,0,0,0,0,0,0,0,0,97,91,0,0,0,0,0,0,0,0,0,0,0,0,0,0,0,0,0,0,0,0,0,0,0,0,21,29,0,0,0,0,0,0,diat,diat,Bacillariophyta,Eukaryota,Stramenopiles,Ochrophyta,Bacillariophyta,Bacillariophyta_X,Radial-centric-basal-Coscinodiscophyceae,Stephanopyxis,Stephanopyxis_nipponica
d49bf438880dfe0f8e2b49c1b585027e,36,25,53,0,53,29,0,116,145,0,0,271,73,41,43,295,415,73,73,283,19,92,0,0,0,0,0,0,0,0,0,0,23,0,0,0,0,0,0,0,0,0,0,0,0,29,hapto,hapto,Haptophyta,Eukaryota,Hacrobia,Haptophyta,Prymnesiophyceae,Phaeocystales,Phaeocystaceae,Phaeocystis,Phaeocystis_sp.
aad8f799fadb88248cfa0ac48e730b05,0,0,0,0,0,0,0,0,0,0,19,0,0,0,0,0,0,0,0,0,0,0,0,29,0,0,0,0,0,0,0,0,0,0,22,0,0,0,0,0,17,9,17,0,0,16,dict,dict,Dictyochophyceae,Eukaryota,Stramenopiles,Ochrophyta,Dictyochophyceae,Dictyochophyceae_X,Dictyochophyceae_XX,Dictyochophyceae_XXX,Dictyochophyceae_XXX_sp.
0a3ef4fa541215ff5279053835424f00,64,41,165,142,85,65,71,46,21,34,37,0,0,0,0,0,0,10,0,27,0,11,0,13,14,37,0,0,0,0,31,0,0,0,28,0,0,0,0,0,42,61,50,98,18,43,crypto,crypto,Cryptophyta,Eukaryota,Hacrobia,Cryptophyta,Cryptophyceae,Cryptomonadales,Cryptomonadales_X,Chroomonas,
0546c4e1aa3eb19ae327ebfc2debdc78,0,0,0,0,0,0,0,0,0,0,0,0,0,0,0,0,0,0,0,0,0,0,0,33,0,0,0,0,0,0,0,0,0,0,0,0,0,0,0,0,0,0,0,0,0,0,dict,dict-chryso,Chrysophyceae,Eukaryota,Stramenopiles,Ochrophyta,Chrysophyceae,Chrysophyceae_X,Chrysophyceae_XX,Chrysophyceae_XXX,Chrysophyceae_XXX_sp.
207da8ba89de6184fc3d84535faf4b7c,0,0,0,0,0,0,0,0,0,0,0,0,0,0,0,0,0,0,0,0,0,0,0,0,0,0,0,0,45,0,0,0,0,0,0,0,0,0,0,0,0,0,0,0,0,0,green,green,Chlorophyta,Eukaryota,Archaeplastida,Chlorophyta,Pyramimonadales,Pyramimonadales_X,Pyramimonadales_XX,Cymbomonas,Cymbomonas_tetramitiformis
eb33204ad331067de9a62c569d69b791,0,0,0,0,0,0,0,0,0,0,0,0,0,112,0,0,0,0,0,0,0,0,0,0,0,0,0,0,0,0,0,0,77,0,0,0,0,0,329,0,33,0,0,0,0,0,diat,diat,Bacillariophyta,Eukaryota,Stramenopiles,Ochrophyta,Bacillariophyta,Bacillariophyta_X,,,
d9c9743e9a5a878cc75f9ddb1fbd34e7,0,0,0,0,0,0,0,0,0,0,0,0,0,0,0,0,0,0,0,0,0,0,0,0,0,0,0,0,0,0,0,0,0,0,0,0,0,0,0,0,0,0,0,0,0,0,diat,diat,Bacillariophyta,Eukaryota,Stramenopiles,Ochrophyta,Bacillariophyta,Bacillariophyta_X,,,
ce81927802f968e4226c8614b6896d56,0,0,0,0,0,0,0,0,0,0,0,0,0,0,0,0,0,0,0,0,0,27,0,0,39,0,0,0,541,0,0,0,86,20,0,0,0,0,0,0,0,0,0,0,0,0,hapto,hapto,Haptophyta,Eukaryota,Hacrobia,Haptophyta,Prymnesiophyceae,,,,
bf12b37194ca6ce742e22d907ee9f4fc,0,0,0,0,0,0,0,0,0,0,0,0,0,0,0,0,0,0,0,121,27,30,0,0,0,0,0,0,145,123,11,0,0,0,0,0,0,0,0,0,0,14,0,0,0,0,hapto,hapto,Haptophyta,Eukaryota,Hacrobia,Haptophyta,Prymnesiophyceae,Prymnesiales,Chrysochromulinaceae,Chrysochromulina,Chrysochromulina_sp.
736db1e62420957881d57889d2f5d3a2,0,0,0,0,0,0,0,0,0,0,0,0,0,0,0,0,0,0,0,0,0,0,0,0,0,0,0,0,0,0,0,0,0,0,0,0,0,0,0,0,0,0,0,0,0,0,hapto,hapto,Haptophyta,Eukaryota,Hacrobia,Haptophyta,Prymnesiophyceae,Phaeocystales,Phaeocystaceae,Phaeocystis,Phaeocystis_sp.
f1ea305793ae579cd25f2ecea821ceab,0,0,0,0,0,0,0,0,0,0,0,0,0,0,0,0,0,0,0,0,0,0,0,0,0,0,18,0,0,0,0,0,0,0,0,0,0,0,0,0,0,0,0,0,0,0,dict,dict-chryso,Chrysophyceae,Eukaryota,Stramenopiles,Ochrophyta,Chrysophyceae,Chrysophyceae_X,Chrysophyceae_XX,Chrysophyceae_XXX,Chrysophyceae_XXX_sp.
63c9ea1d8e60e47a13e6af754b102fa8,0,0,0,0,0,0,0,0,0,0,0,0,0,0,0,0,0,0,0,0,0,0,0,0,0,0,0,0,58,0,0,0,39,0,0,0,0,0,0,0,0,0,0,0,0,0,diat,diat,Bacillariophyta,Eukaryota,Stramenopiles,Ochrophyta,Bacillariophyta,Bacillariophyta_X,,,
815725795a96738add94143cd4c4ed1a,0,0,0,0,0,0,0,41,41,47,63,70,7,0,0,0,0,8,0,25,0,150,0,36,32,0,16,11,0,38,44,15,105,0,48,8,0,14,11,0,0,0,9,33,0,15,green,green,Chlorophyta,Eukaryota,Archaeplastida,Chlorophyta,Pyramimonadales,Pyramimonadales_X,Pyramimonadales_XX,Pyramimonas,Pyramimonas_sp.
c078a8758762c2ae8e23680c519f7534,0,0,0,0,0,0,0,0,0,0,0,0,0,0,0,0,0,0,0,0,0,0,0,0,0,0,0,0,0,0,0,0,11,0,0,13,21,0,0,0,0,0,0,0,0,0,dict,dict,Dictyochophyceae,Eukaryota,Stramenopiles,Ochrophyta,Dictyochophyceae,Dictyochophyceae_X,Dictyochophyceae_XX,Dictyochophyceae_XXX,Dictyochophyceae_XXX_sp.
c820cb41086b8cd82349f15d3f018c17,0,0,0,0,0,0,0,0,0,0,0,0,0,0,0,0,0,0,0,0,0,0,0,9,18,0,0,0,0,0,0,0,46,0,0,0,0,0,0,0,0,0,0,0,0,0,green,green,Chlorophyta,Eukaryota,Archaeplastida,Chlorophyta,Chlorodendrophyceae,Chlorodendrales,Chlorodendraceae,Tetraselmis,Tetraselmis_cordiformis
755e2ef35a9f5f0ca2c547a350a622fe,0,0,0,0,0,0,0,0,0,0,0,0,0,0,6,0,0,0,25,0,0,0,0,0,0,0,0,0,0,0,0,0,0,0,0,0,0,0,0,0,0,0,0,0,0,0,dict,dict-chryso,Chrysophyceae,Eukaryota,Stramenopiles,Ochrophyta,Chrysophyceae,Chrysophyceae_X,Chrysophyceae_Clade_C,Ochromonas,Ochromonas_sp.
b05a0d7036fd539aba65330099f429ca,0,0,0,0,0,0,0,0,0,0,0,0,0,0,0,0,0,0,0,0,0,0,0,0,0,0,0,0,0,0,0,0,0,0,0,0,0,0,0,0,0,0,0,0,0,0,green,green,Chlorophyta,Eukaryota,Archaeplastida,Chlorophyta,Mamiellophyceae,Mamiellales,Mamiellaceae,,
0f565dd4cbfbfda9bdaef8beeeee7b4e,0,0,0,0,0,0,0,0,0,0,0,0,0,0,0,0,0,0,0,0,0,0,0,0,0,0,0,0,71,89,0,0,0,0,0,0,0,0,0,0,0,0,0,0,0,0,hapto,hapto,Haptophyta,Eukaryota,Hacrobia,Haptophyta,Prymnesiophyceae,Prymnesiales,Chrysochromulinaceae,Chrysochromulina,Chrysochromulina_camella
ea81998a8105f97dce8a1a09038e4ce4,0,0,0,0,0,0,0,0,0,0,0,0,0,0,0,23,0,0,0,0,0,0,0,0,0,0,0,0,0,0,0,0,0,28,0,0,0,0,0,0,0,0,0,0,0,0,hapto,hapto,Haptophyta,Eukaryota,Hacrobia,Haptophyta,Prymnesiophyceae,Phaeocystales,Phaeocystaceae,Phaeocystis,Phaeocystis_sp.
2a94b9c6cc5392101b0774118d8b0921,0,0,0,0,0,0,0,0,0,0,0,0,121,124,194,80,0,0,81,310,206,0,0,0,0,0,0,0,0,0,0,0,0,0,0,0,0,0,0,1384,0,0,0,0,0,0,diat,diat,Bacillariophyta,Eukaryota,Stramenopiles,Ochrophyta,Bacillariophyta,Bacillariophyta_X,Polar-centric-Mediophyceae,Chaetoceros,Chaetoceros_sp.
2c619592326b0b858609785d2dd7c259,0,0,0,0,0,0,0,0,0,0,22,0,0,0,0,0,0,0,0,0,0,0,0,0,0,0,0,0,0,0,0,0,0,0,0,0,0,0,0,0,0,0,0,0,0,0,hapto,hapto,Haptophyta,Eukaryota,Hacrobia,Haptophyta,Prymnesiophyceae,Prymnesiales,,,
156a5127d2a1923c2e5f6d3f067490c5,0,0,0,0,0,0,0,0,0,0,0,0,0,52,277,184,0,0,136,0,98,0,0,0,0,0,0,0,0,0,0,0,245,123,0,0,117,0,514,0,0,0,0,0,0,0,diat,diat,Bacillariophyta,Eukaryota,Stramenopiles,Ochrophyta,Bacillariophyta,Bacillariophyta_X,,,
4d0cebed709f9109b0b480665208876c,0,0,0,0,0,0,0,0,0,0,0,0,0,0,0,0,0,0,0,0,4,0,0,0,0,0,0,0,0,0,0,0,0,0,0,0,0,0,0,0,0,0,0,0,0,0,hapto,hapto,Haptophyta,Eukaryota,Hacrobia,Haptophyta,Prymnesiophyceae,,,,
65f9ce0be4fb96ab0378337b1c6baa7f,0,0,0,0,0,0,0,0,0,0,0,0,0,0,0,0,0,0,0,0,0,0,0,0,0,0,0,0,0,0,0,0,6,0,0,0,0,0,0,0,0,0,0,0,0,0,diat,diat,Bacillariophyta,Eukaryota,Stramenopiles,Ochrophyta,Bacillariophyta,Bacillariophyta_X,,,
8282a178b622f9b00ceab0e4dd4e708d,0,0,0,0,0,0,0,0,0,0,0,0,0,0,0,0,0,0,0,52,18,0,0,0,0,0,0,0,0,24,0,0,0,0,0,0,0,0,0,0,0,12,7,0,0,12,hapto,hapto,Haptophyta,Eukaryota,Hacrobia,Haptophyta,Prymnesiophyceae,Phaeocystales,Phaeocystaceae,Phaeocystis,Phaeocystis_sp.
fe4793373300f6faf19cda28d4faa8ac,0,0,0,0,0,0,0,0,0,0,0,0,0,0,0,0,0,0,0,0,0,0,0,0,0,0,0,0,0,0,0,0,0,0,0,0,0,0,0,0,0,0,0,0,0,0,crypto,crypto,Cryptophyta,Eukaryota,Hacrobia,Cryptophyta,Cryptophyceae,Cryptomonadales,Cryptomonadales_X,Teleaulax,
0552b41517adce0547e00371c1804726,0,0,0,0,0,0,0,0,0,0,0,0,0,0,0,0,0,0,0,0,0,0,0,0,0,0,0,0,0,0,0,0,0,0,0,0,0,0,0,0,0,0,0,0,14,0,diat,diat,Bacillariophyta,Eukaryota,Stramenopiles,Ochrophyta,Bacillariophyta,Bacillariophyta_X,,,
44ed6d26fa66652e00e1a4a910e944f2,0,0,0,0,0,0,0,0,0,0,0,0,0,0,0,0,0,0,0,0,0,0,0,0,0,0,0,0,0,18,10,0,0,0,0,0,0,0,0,0,0,0,0,0,0,0,raph,raph-nanno,Eustigmatophyceae,Eukaryota,Stramenopiles,Ochrophyta,Eustigmatophyceae,Eustigmatophyceae_X,Eustigmatophyceae_XX,Nannochloropsis,Nannochloropsis_sp.
b8cad65ac88aa46dba0fbc374ed93482,0,0,0,0,0,0,0,0,0,0,0,0,0,0,0,17,0,0,0,20,0,0,0,0,0,0,0,0,0,0,0,0,0,0,0,0,0,0,47,0,0,0,0,0,0,0,diat,diat,Bacillariophyta,Eukaryota,Stramenopiles,Ochrophyta,Bacillariophyta,Bacillariophyta_X,,,
d42605ddcaeb4d0c458634b11ac6696b,0,0,0,0,0,0,0,0,0,0,0,0,0,0,0,0,0,0,0,0,0,0,0,0,0,0,0,0,0,0,0,0,0,0,0,0,0,0,0,0,0,0,0,0,0,0,green,green,Streptophyta,Eukaryota,Archaeplastida,Streptophyta,Embryophyceae,Embryophyceae_X,Embryophyceae_XX,,
4ac233e909f3e1d3a3a5401fd14f7486,0,0,0,0,0,0,0,0,0,0,0,0,0,0,0,0,0,0,0,0,0,0,0,0,0,0,0,0,0,0,0,0,0,0,0,0,0,0,0,0,0,0,0,0,0,0,dict,dict-chryso,Chrysophyceae,Eukaryota,Stramenopiles,Ochrophyta,Chrysophyceae,Chrysophyceae_X,Chrysophyceae_XX,Chrysophyceae_XXX,Chrysophyceae_XXX_sp.
342a2ae01533feed60f5bbc2dc175b5f,0,0,0,0,0,0,0,0,0,0,0,0,0,0,0,0,0,0,0,0,0,0,0,0,0,0,0,0,0,0,0,0,0,0,0,0,0,0,0,0,0,0,0,0,0,0,diat,diat,Bacillariophyta,Eukaryota,Stramenopiles,Ochrophyta,Bacillariophyta,Bacillariophyta_X,,,
4c1589ff418cc6aefe13e7dcabab083f,0,0,0,0,0,0,0,0,0,0,0,0,0,0,0,0,0,0,0,0,0,0,0,0,0,0,0,0,0,0,0,4,27,5,0,0,0,0,0,0,0,0,0,0,0,0,dict,dict-pelago,Pelagophyceae,Eukaryota,Stramenopiles,Ochrophyta,Pelagophyceae,Pelagomonadales,Pelagomonadaceae,Pelagomonadaceae_X,Pelagomonadaceae_X_sp.
0e5cc60c596774a3d9dff1862c743774,312,413,325,326,197,266,162,486,504,0,161,439,92,52,32,364,180,0,66,669,238,152,0,254,130,26,371,0,105,35,24,0,122,119,133,65,18,316,405,274,71,197,368,213,132,1050,hapto,hapto,Haptophyta,Eukaryota,Hacrobia,Haptophyta,Prymnesiophyceae,Phaeocystales,Phaeocystaceae,Phaeocystis,Phaeocystis_sp.
047aeef436598833b9c4dd36abd45405,54,40,161,108,148,276,210,110,203,0,31,209,0,0,0,0,0,46,0,155,0,366,0,250,920,49,0,26,0,0,29,0,0,0,33,0,0,0,0,0,0,0,37,95,68,113,diat,diat,Bacillariophyta,Eukaryota,Stramenopiles,Ochrophyta,Bacillariophyta,Bacillariophyta_X,Polar-centric-Mediophyceae,,
9438d66f2bf7053589e8af3976cace55,0,0,0,0,0,0,0,0,0,0,0,0,0,0,0,0,0,0,0,20,0,0,0,0,0,0,0,0,0,0,0,0,0,0,0,0,0,0,0,0,0,0,0,0,0,0,green,green,Chlorophyta,Eukaryota,Archaeplastida,Chlorophyta,Pyramimonadales,Pyramimonadales_X,Pyramimonadales_XX,Pyramimonas,Pyramimonas_sp.
b57427975e65dd562db5a9666ba49415,0,0,0,0,0,0,0,0,0,0,0,0,0,0,0,0,0,0,0,19,0,0,0,17,0,0,0,0,0,0,0,0,21,14,0,0,0,0,0,0,0,0,0,0,0,0,hapto,hapto,Haptophyta,Eukaryota,Hacrobia,Haptophyta,Prymnesiophyceae,Phaeocystales,Phaeocystaceae,Phaeocystis,Phaeocystis_sp.
e0b5dc1db6215fc32327a8a706138374,0,0,0,0,0,0,0,0,0,0,0,0,0,0,0,0,0,0,0,0,0,0,0,0,0,0,0,0,0,0,0,0,71,0,0,0,0,0,0,0,0,0,0,0,0,14,diat,diat,Bacillariophyta,Eukaryota,Stramenopiles,Ochrophyta,Bacillariophyta,Bacillariophyta_X,,,
10b9b0807cd32dace7fac7e5749c6cf8,142,102,78,126,0,102,83,54,27,0,26,51,0,0,0,0,0,0,0,0,0,0,0,0,0,0,0,0,0,0,0,0,36,0,16,6,0,0,0,0,0,0,0,0,0,0,dict,dict-pelago,Pelagophyceae,Eukaryota,Stramenopiles,Ochrophyta,Pelagophyceae,Pelagomonadales,Pelagomonadaceae,Aureococcus,Aureococcus_anophagefferens
06fc508cd304967eb18a32b89415e072,0,0,0,0,0,0,0,0,0,0,0,0,0,0,0,0,0,0,0,0,0,0,0,0,0,0,0,0,0,0,0,0,0,0,0,0,0,0,0,0,0,0,0,0,0,0,diat,diat,Bacillariophyta,Eukaryota,Stramenopiles,Ochrophyta,Bacillariophyta,Bacillariophyta_X,Polar-centric-Mediophyceae,,
12371c5d632615c47cef855de70106c4,0,0,0,0,0,0,0,0,0,438,0,0,0,0,0,0,0,0,0,0,0,0,0,0,0,0,0,96,0,50,0,0,0,0,0,0,0,0,0,0,0,0,0,0,0,0,hapto,hapto,Haptophyta,Eukaryota,Hacrobia,Haptophyta,Prymnesiophyceae,Phaeocystales,Phaeocystaceae,Phaeocystis,Phaeocystis_sp.
ca9286dbd69bc04c290d356131540bb2,121,59,15,16,18,49,17,82,131,0,0,107,7,1,0,1,18,0,0,0,0,0,13,15,0,0,0,0,0,0,0,0,0,0,6,0,0,12,1,3,0,0,4,4,1,15,hapto,hapto,Haptophyta,Eukaryota,Hacrobia,Haptophyta,Prymnesiophyceae,Phaeocystales,Phaeocystaceae,Phaeocystis,Phaeocystis_sp.
dd2e3b280acd070052fc267f7a326caa,0,0,0,0,0,0,0,0,0,0,0,0,0,0,0,0,0,0,0,0,0,0,0,0,0,0,0,0,0,0,0,0,0,0,0,0,0,0,0,0,0,0,0,0,0,0,dict,dict-chryso,Chrysophyceae,Eukaryota,Stramenopiles,Ochrophyta,Chrysophyceae,Chrysophyceae_X,Chrysophyceae_XX,Chrysophyceae_XXX,Chrysophyceae_XXX_sp.
7c753a7def96b4466d422c46d6111290,0,0,0,0,0,0,0,0,0,0,0,0,0,0,0,0,0,0,0,0,0,0,0,0,0,0,0,0,0,0,0,0,0,0,0,0,0,0,0,0,0,0,0,0,0,0,crypto,crypto,Cryptophyta,Eukaryota,Hacrobia,Cryptophyta,Cryptophyceae,Cryptomonadales,Cryptomonadales_X,Teleaulax,
2337d842b92cde502e0b3480fde226d5,0,0,0,0,0,0,0,0,0,0,0,0,0,121,0,0,0,0,0,0,0,0,0,0,0,0,0,0,0,0,0,0,66,0,0,0,0,0,0,0,0,0,0,0,0,0,diat,diat,Bacillariophyta,Eukaryota,Stramenopiles,Ochrophyta,Bacillariophyta,Bacillariophyta_X,Polar-centric-Mediophyceae,Thalassiosira,
b861e8a571ee992446ef3416d1d85950,139,79,73,68,54,50,40,87,227,0,20,305,0,0,0,0,84,0,0,32,0,0,0,0,0,0,0,0,0,0,0,0,0,0,0,0,0,0,48,45,0,17,0,0,40,153,hapto,hapto,Haptophyta,Eukaryota,Hacrobia,Haptophyta,Prymnesiophyceae,Phaeocystales,Phaeocystaceae,Phaeocystis,
ff273707300bc1560f86403f9e3188dc,319,215,123,408,84,222,163,185,73,118,459,102,20,0,0,0,0,10,0,111,0,568,0,321,877,374,137,94,0,64,357,83,114,0,264,47,0,186,38,48,31,62,337,512,165,428,crypto,crypto,Cryptophyta,Eukaryota,Hacrobia,Cryptophyta,Cryptophyceae,Cryptomonadales,Cryptomonadales_X,Cryptomonadales_XX,Cryptomonadales_XX_sp.
06f4cc1b195955fe1ddcb12a643a9bff,1984,1228,1668,3689,807,3605,1948,1624,370,204,459,300,19,0,0,0,0,13,0,21,0,19,0,30,23,13,154,181,0,240,535,308,148,0,1233,63,0,328,159,54,47,142,1234,1746,372,1909,green,green,Chlorophyta,Eukaryota,Archaeplastida,Chlorophyta,Mamiellophyceae,Mamiellales,Bathycoccaceae,Bathycoccus,Bathycoccus_prasinos
b508d920373a2c298ca81607e6000d7b,0,0,0,0,0,0,0,0,0,0,0,0,0,0,0,0,13,0,0,12,0,0,0,4,0,0,0,0,0,0,0,0,24,0,0,0,0,0,0,0,0,0,0,0,0,0,hapto,hapto,Rappemonad,Eukaryota,Hacrobia,Rappemonad,Rappemonad_X,Rappemonad_XX,Rappemonad_XXX,Rappemonad_XXXX,Rappemonad_XXXX_sp.
943fcefa02e1ab6b9595ba352326e917,0,0,0,0,0,0,0,0,0,99,104,0,0,0,0,0,0,0,0,0,0,0,0,0,0,3,190,59,0,84,96,32,52,0,257,12,0,40,0,6,0,0,13,21,0,0,green,green,Chlorophyta,Eukaryota,Archaeplastida,Chlorophyta,Pedinophyceae,Marsupiomonadales,Marsupiomonadaceae,,
261f49c553b27e40922936ad28160158,156,114,100,186,37,119,98,95,64,1484,1108,73,0,0,0,0,0,50,0,429,136,1760,156,3282,8706,1607,952,731,0,2376,3752,1596,542,14,1524,203,0,344,275,16,42,102,704,678,90,568,green,green,Chlorophyta,Eukaryota,Archaeplastida,Chlorophyta,Mamiellophyceae,Mamiellales,Mamiellaceae,Micromonas,Micromonas_sp.
099fd5a7adc43e6732e4c9121b21c9b7,0,0,0,0,0,0,0,0,0,0,0,0,101,183,365,817,0,0,0,0,0,0,0,0,0,0,0,0,160,0,0,0,0,0,0,0,53,0,375,88,0,0,0,0,0,0,diat,diat,Bacillariophyta,Eukaryota,Stramenopiles,Ochrophyta,Bacillariophyta,Bacillariophyta_X,Polar-centric-Mediophyceae,Chaetoceros,Chaetoceros_sp.
026eee78396d0c60a68186036707cb1d,0,0,0,0,0,0,0,0,0,35,0,0,133,180,0,110,0,0,0,0,41,0,0,0,0,0,0,0,0,0,0,0,494,321,0,47,69,0,390,86,0,0,0,0,0,0,diat,diat,Bacillariophyta,Eukaryota,Stramenopiles,Ochrophyta,Bacillariophyta,Bacillariophyta_X,Polar-centric-Mediophyceae,Chaetoceros,Chaetoceros_sp.
7674bf0459a42306de71e677f8f296f9,0,0,0,0,0,0,0,0,0,0,0,0,0,0,357,0,0,0,0,0,0,0,0,0,0,0,0,0,0,0,0,0,0,0,0,0,0,0,0,0,0,0,0,0,0,0,diat,diat,Bacillariophyta,Eukaryota,Stramenopiles,Ochrophyta,Bacillariophyta,Bacillariophyta_X,Polar-centric-Mediophyceae,,
dd4be11f0c51ac44937011fc74f66490,20,0,36,0,0,10,17,77,90,0,0,117,36,16,0,60,49,12,40,171,50,12,0,0,0,0,117,0,18,2,19,0,23,0,0,0,0,0,42,18,0,0,0,0,0,26,hapto,hapto,Haptophyta,Eukaryota,Hacrobia,Haptophyta,Prymnesiophyceae,Phaeocystales,Phaeocystaceae,Phaeocystis,Phaeocystis_sp.
a2db7cebc53af03f581e6f7fcda2be58,0,0,0,0,0,0,0,0,0,0,0,0,0,0,266,167,0,0,55,377,0,0,0,0,0,0,0,0,0,0,0,0,0,0,0,0,0,0,0,0,0,0,0,0,0,0,diat,diat,Bacillariophyta,Eukaryota,Stramenopiles,Ochrophyta,Bacillariophyta,Bacillariophyta_X,Polar-centric-Mediophyceae,Chaetoceros,Chaetoceros_sp.
9578520f48f92fd5615f95a39e34ec97,0,0,0,0,0,0,0,0,0,53,133,0,0,0,0,0,0,0,0,0,0,0,0,0,0,0,57,0,44,18,0,0,24,24,93,26,0,68,61,29,0,0,18,0,0,0,hapto,hapto,Haptophyta,Eukaryota,Hacrobia,Haptophyta,Prymnesiophyceae,Phaeocystales,Phaeocystaceae,Phaeocystis,Phaeocystis_sp.
ce29d3bd392cbd754b1cc82b75152ef7,0,0,0,0,0,0,0,0,0,0,0,0,0,0,0,0,0,0,0,0,0,0,0,0,0,0,0,0,29,0,0,0,52,54,0,0,24,0,0,20,0,0,0,0,0,0,ochro,ochro,Ochrophyta,Eukaryota,Stramenopiles,Ochrophyta,,,,,
a7539cc848f8e5e4a9831edb6a725f4b,0,0,0,0,0,0,0,0,0,0,0,0,0,0,0,0,0,0,0,0,0,0,0,0,0,0,35,0,0,0,0,0,0,0,0,0,0,0,0,0,16,0,18,0,0,26,hapto,hapto,Haptophyta,Eukaryota,Hacrobia,Haptophyta,Prymnesiophyceae,,,,
b7863518642623d8bc1f04e6561baa51,0,0,0,0,0,0,0,0,0,0,0,15,0,110,528,738,123,254,0,158,0,0,0,0,0,0,0,0,0,0,0,0,107,347,0,0,14,21,92,58,70,0,0,0,0,0,diat,diat,Bacillariophyta,Eukaryota,Stramenopiles,Ochrophyta,Bacillariophyta,Bacillariophyta_X,Polar-centric-Mediophyceae,,
a99d0c619e68c239d8fc12a034fa8846,11,12,28,0,0,0,0,0,17,28,0,0,0,0,0,0,0,0,0,0,0,0,0,0,0,0,0,0,0,0,0,0,30,0,0,0,0,6,0,0,0,0,0,0,0,0,green,green,Chlorophyta,Eukaryota,Archaeplastida,Chlorophyta,Pyramimonadales,Pyramimonadales_X,Pyramimonadales_XX,Pyramimonas,Pyramimonas_disomata
1113f6b1679a4117349d0960ce727ea5,0,0,0,0,27,0,29,0,0,0,0,0,0,0,0,0,0,0,0,0,0,0,0,0,0,0,0,0,0,0,0,0,0,0,0,0,0,0,0,0,0,0,0,0,0,0,hapto,hapto,Haptophyta,Eukaryota,Hacrobia,Haptophyta,Prymnesiophyceae,,,,
a4f208cd5a3e3b4e25f4531ef640d62d,0,0,24,0,0,0,0,0,0,87,0,0,0,0,0,50,0,0,0,98,106,0,0,0,0,0,0,0,0,0,0,0,0,0,0,0,0,0,0,0,0,0,0,0,0,0,diat,diat,Bacillariophyta,Eukaryota,Stramenopiles,Ochrophyta,Bacillariophyta,Bacillariophyta_X,Polar-centric-Mediophyceae,Chaetoceros,Chaetoceros_sp.
0be49d865819c31dd16cd352671a6da5,5435,5901,9093,3404,1158,4195,3934,1576,1789,1027,1638,1004,452,248,58,229,158,531,91,906,542,1477,95,687,515,108,238,240,327,578,1343,989,510,7,1621,77,79,772,448,220,545,935,2210,5365,1348,1070,crypto,crypto,Cryptophyta,Eukaryota,Hacrobia,Cryptophyta,Cryptophyceae,Cryptomonadales,Cryptomonadales_X,Teleaulax,
a9bcf81678d920406b2b741940645c11,0,0,0,0,0,0,0,0,0,248,0,0,0,0,0,0,0,0,0,0,0,0,0,28,0,0,65,26,0,0,62,0,0,0,63,0,0,0,0,0,0,0,0,0,0,0,hapto,hapto,Haptophyta,Eukaryota,Hacrobia,Haptophyta,Prymnesiophyceae,Prymnesiales,Chrysochromulinaceae,Chrysochromulina,Chrysochromulina_camella
b0185af539356ba6b491d891228296b9,0,0,0,0,0,0,0,0,0,0,0,0,0,0,0,0,0,0,0,0,0,0,0,0,0,0,0,0,0,0,0,0,306,33,0,0,0,0,0,0,0,0,0,0,0,0,diat,diat,Bacillariophyta,Eukaryota,Stramenopiles,Ochrophyta,Bacillariophyta,Bacillariophyta_X,,,
03fe1f9643465251db3d2611c9151edd,0,0,0,0,0,0,0,14,0,0,0,14,0,23,97,554,7898,390,45,54,0,12,0,18,0,0,0,0,0,0,0,0,0,0,0,0,0,0,0,0,0,0,0,0,0,0,dict,dict-pelago,Pelagophyceae,Eukaryota,Stramenopiles,Ochrophyta,Pelagophyceae,Pelagomonadales,Pelagomonadaceae,Pelagomonadaceae_X,Pelagomonadaceae_X_sp.
3ed44f51c4dcea8b131de7c4e6050a93,12,0,15,18,0,25,0,0,0,0,13,0,0,0,0,0,0,0,0,0,0,0,0,0,0,0,18,0,0,0,0,0,0,0,0,0,0,0,0,0,0,0,0,6,0,0,raph,raph,Eustigmatophyceae,Eukaryota,Stramenopiles,Ochrophyta,Eustigmatophyceae,Eustigmatophyceae_X,Eustigmatophyceae_XX,Eustigmatophyceae_XXX,Eustigmatophyceae_XXX_sp.
b8cb90812ba0797184cf3d4db14f9a1b,19,0,0,0,40,0,19,13,0,0,0,0,346,603,75,104,0,17,0,52,237,0,0,0,0,0,0,0,0,0,0,0,0,0,0,0,0,0,295,27,0,0,0,0,23,37,diat,diat,Bacillariophyta,Eukaryota,Stramenopiles,Ochrophyta,Bacillariophyta,Bacillariophyta_X,,,
9a827ed2a6aecf40f6132cd3885da3b9,0,0,0,0,0,0,0,0,0,0,0,0,0,0,0,0,0,0,0,0,0,0,0,0,0,0,0,0,0,0,0,0,0,0,0,0,0,0,0,0,0,0,0,0,0,0,diat,diat,Bacillariophyta,Eukaryota,Stramenopiles,Ochrophyta,Bacillariophyta,Bacillariophyta_X,Polar-centric-Mediophyceae,,
1af0ce5c6b6d00e48a9578bb79d56d13,412,265,332,695,142,444,437,277,142,220,609,206,28,0,0,0,7,138,0,187,0,98,0,166,254,124,262,178,0,289,660,174,83,0,793,84,0,264,165,30,31,92,370,433,89,367,green,green,Chlorophyta,Eukaryota,Archaeplastida,Chlorophyta,Mamiellophyceae,Mamiellales,Mamiellaceae,,
ad5765056c6472e220d67bc82372f0fe,8,6,2,0,0,1,0,4,8,0,0,0,0,0,0,0,0,0,0,0,0,0,0,0,0,0,0,0,0,0,0,0,0,0,0,0,0,0,0,0,0,0,0,0,0,0,hapto,hapto,Haptophyta,Eukaryota,Hacrobia,Haptophyta,Prymnesiophyceae,Phaeocystales,Phaeocystaceae,Phaeocystis,Phaeocystis_sp.
ae13ada0e26f5390a2af23a2e9328405,0,0,0,0,0,0,0,0,0,0,0,0,0,0,0,0,0,0,0,0,0,0,0,0,0,0,0,0,0,0,0,0,0,0,0,0,0,0,0,0,0,0,0,0,0,0,diat,diat,Bacillariophyta,Eukaryota,Stramenopiles,Ochrophyta,Bacillariophyta,Bacillariophyta_X,,,
446fb2a48cd2e80d035b88b4bb7d9066,0,0,0,0,0,0,0,0,0,0,0,0,0,0,90,173,0,0,104,112,0,0,0,0,0,0,0,0,167,0,0,0,925,628,0,40,0,0,0,55,0,0,0,0,0,0,diat,diat,Bacillariophyta,Eukaryota,Stramenopiles,Ochrophyta,Bacillariophyta,Bacillariophyta_X,Polar-centric-Mediophyceae,Chaetoceros,Chaetoceros_sp.
fc2f162736f2ebdc0444fa8d5142a56d,0,0,0,0,0,0,0,0,0,0,0,0,0,0,0,0,0,0,0,0,0,0,0,0,0,0,0,0,28,3,0,0,0,0,0,0,0,0,0,0,0,0,0,0,0,0,hapto,hapto,Haptophyta,Eukaryota,Hacrobia,Haptophyta,Prymnesiophyceae,Phaeocystales,Phaeocystaceae,Phaeocystis,Phaeocystis_sp.
896a908cf587dc5894dc2aa640c3acb5,0,0,0,0,0,28,19,68,40,0,0,0,0,0,0,0,0,0,0,0,0,0,0,0,0,0,0,0,0,0,0,0,0,0,0,0,0,0,0,0,0,0,0,0,0,0,dict,dict,Dictyochophyceae,Eukaryota,Stramenopiles,Ochrophyta,Dictyochophyceae,Dictyochophyceae_X,Dictyochophyceae_XX,Dictyochophyceae_XXX,Dictyochophyceae_XXX_sp.
2b252ebeeff4325d8f4620a53a997276,0,0,0,0,0,0,0,0,3,0,0,1,0,0,0,0,21,0,0,0,0,1,0,0,0,0,0,0,0,0,0,0,0,0,0,0,0,0,0,0,0,0,0,0,0,0,dict,dict,Dictyochophyceae,Eukaryota,Stramenopiles,Ochrophyta,Dictyochophyceae,Dictyochophyceae_X,Dictyochophyceae_XX,Dictyochophyceae_XXX,Dictyochophyceae_XXX_sp.
f96cd4e1da74e36493f6969b85074603,39,13,7,6,8,11,9,21,0,0,0,0,0,0,10,0,0,0,0,0,0,0,0,0,0,0,0,0,0,0,0,0,0,0,8,16,0,11,25,36,5,0,5,0,26,6,diat,diat,Bacillariophyta,Eukaryota,Stramenopiles,Ochrophyta,Bacillariophyta,Bacillariophyta_X,Radial-centric-basal-Coscinodiscophyceae,Corethron,Corethron_pennatum
05bd82491838f3bb545660801d9877a2,0,0,0,0,0,0,0,0,0,0,0,0,0,0,0,0,0,0,0,27,0,0,0,0,0,0,0,0,0,0,0,0,0,0,0,0,0,0,0,0,0,0,0,0,0,0,hapto,hapto,Haptophyta,Eukaryota,Hacrobia,Haptophyta,Prymnesiophyceae,Phaeocystales,Phaeocystaceae,Phaeocystis,Phaeocystis_sp.
244bdea2ee6e6011a59592db6633a57d,0,0,0,0,0,0,0,0,0,0,0,0,0,0,0,0,0,0,0,0,0,0,0,17,0,0,27,6,26,21,7,0,7,18,28,0,0,0,0,0,0,0,0,0,0,0,hapto,hapto,Haptophyta,Eukaryota,Hacrobia,Haptophyta,Prymnesiophyceae,Phaeocystales,Phaeocystaceae,Phaeocystis,Phaeocystis_sp.
71e8d9fe38d8919d3eba2b49dab2920d,0,0,0,0,0,0,0,55,0,55,0,0,707,338,88,65,0,0,16,1676,31,615,0,0,113,0,0,0,66,602,0,0,0,0,0,0,0,0,43,0,0,0,0,57,0,0,diat,diat,Bacillariophyta,Eukaryota,Stramenopiles,Ochrophyta,Bacillariophyta,Bacillariophyta_X,Polar-centric-Mediophyceae,Thalassiosira,
1b846ff42cd3ac2bb44f3367a95a1148,0,0,0,0,0,0,0,0,0,0,0,0,0,0,0,0,0,0,0,0,0,0,0,0,0,0,0,0,0,0,0,0,0,0,0,0,0,0,268,259,143,0,0,0,0,0,diat,diat,Bacillariophyta,Eukaryota,Stramenopiles,Ochrophyta,Bacillariophyta,Bacillariophyta_X,Radial-centric-basal-Coscinodiscophyceae,Corethron,Corethron_pennatum
9460c671a6b07b1832df27bd9fa8276a,0,0,34,0,0,0,0,0,0,0,0,0,0,0,0,0,0,0,0,0,0,0,0,0,0,0,0,0,0,0,0,0,0,0,0,0,0,0,0,0,0,0,0,0,13,37,diat,diat,Bacillariophyta,Eukaryota,Stramenopiles,Ochrophyta,Bacillariophyta,Bacillariophyta_X,Radial-centric-basal-Coscinodiscophyceae,,
add85200555fcdc9f818360eb608b1b8,0,0,0,0,0,0,0,0,0,20,0,0,0,0,0,0,0,0,0,62,0,0,0,30,0,0,0,0,69,27,0,0,0,0,0,0,0,0,0,0,0,0,0,0,0,0,green,green,Chlorophyta,Eukaryota,Archaeplastida,Chlorophyta,Mamiellophyceae,Mamiellales,Mamiellaceae,Mamiella,Mamiella_gilva
b0fbf7a04f7f4901bffe4b79087009df,0,0,0,0,0,0,0,0,0,0,0,0,0,0,0,0,0,0,0,0,0,0,0,0,0,0,0,0,58,32,0,0,0,0,0,0,0,0,0,0,0,0,0,0,0,0,diat,diat,Bacillariophyta,Eukaryota,Stramenopiles,Ochrophyta,Bacillariophyta,Bacillariophyta_X,Radial-centric-basal-Coscinodiscophyceae,Rhizosolenia,Rhizosolenia_setigera
655f82105e70ceb595ffa873be4330a7,0,0,0,0,0,0,0,0,0,0,0,0,0,14,0,0,0,0,0,0,0,0,0,0,0,0,0,0,0,0,0,0,0,0,0,0,0,0,0,0,0,0,0,0,0,0,diat,diat,Bacillariophyta,Eukaryota,Stramenopiles,Ochrophyta,Bacillariophyta,Bacillariophyta_X,,,
9402380b30e9169c60f930949ecdda73,0,0,0,0,0,0,0,0,0,0,0,0,0,0,0,0,0,0,0,0,0,0,0,0,0,0,0,0,0,12,0,0,0,0,0,0,0,0,0,0,0,0,0,0,0,0,hapto,hapto,Haptophyta,Eukaryota,Hacrobia,Haptophyta,Prymnesiophyceae,,,,
745b80c683b5a0ce5d8432ce36ea43f9,0,0,0,0,0,0,0,0,0,0,0,0,0,0,0,0,0,0,43,113,24,0,0,0,0,0,0,0,0,0,0,0,0,0,0,0,0,0,0,0,0,0,0,0,0,0,diat,diat,Bacillariophyta,Eukaryota,Stramenopiles,Ochrophyta,Bacillariophyta,Bacillariophyta_X,Polar-centric-Mediophyceae,Chaetoceros,Chaetoceros_sp.
9e5fc39f99d983d511d8f9c1e1eb83c9,8,0,34,0,52,9,0,105,12,0,0,0,1239,2974,673,623,0,0,0,38,26,0,0,0,0,0,0,0,290,0,0,0,76,21,0,0,0,0,174,55,19,0,0,9,12,0,diat,diat,Bacillariophyta,Eukaryota,Stramenopiles,Ochrophyta,Bacillariophyta,Bacillariophyta_X,Radial-centric-basal-Coscinodiscophyceae,Rhizosolenia,Rhizosolenia_setigera
c63793f7f3890514b3f08e0322242483,0,0,0,0,0,0,0,0,0,0,0,0,0,0,0,0,0,0,0,0,30,0,0,0,0,0,0,0,0,0,0,0,0,0,0,0,0,0,0,0,0,0,0,0,0,0,green,green,Chlorophyta,Eukaryota,Archaeplastida,Chlorophyta,Nephroselmidophyceae,Nephroselmidales,Nephroselmidales_X,Nephroselmis,Nephroselmis_pyriformis
eb171b4b301e04a10eae91ea0a7710ce,0,0,0,0,0,0,0,0,0,0,0,0,0,0,0,0,0,0,0,0,0,0,0,0,0,0,0,0,0,0,0,0,17,0,0,0,0,0,0,0,0,0,0,0,0,0,crypto,crypto,Cryptophyta,Eukaryota,Hacrobia,Cryptophyta,Cryptophyceae,Cryptomonadales,Cryptomonadales_X,Rhodomonas,Rhodomonas_sp.
8b639ef37a1d883fad849fa080804e31,19,0,0,0,0,0,0,0,0,0,0,0,0,0,0,0,0,0,0,0,0,0,0,0,0,0,0,0,0,0,0,0,0,0,0,0,0,0,0,0,0,0,0,0,0,0,dict,dict,Dictyochophyceae,Eukaryota,Stramenopiles,Ochrophyta,Dictyochophyceae,Dictyochophyceae_X,Florenciellales,Florenciella,Florenciella_parvula
4a68ec27b7c6097fa56af093b3003300,0,0,0,0,0,0,0,0,0,0,0,0,9,43,0,16,0,0,0,0,0,0,0,0,0,0,0,0,0,0,0,0,0,0,0,0,0,0,0,0,0,0,0,0,0,0,diat,diat,Bacillariophyta,Eukaryota,Stramenopiles,Ochrophyta,Bacillariophyta,Bacillariophyta_X,Radial-centric-basal-Coscinodiscophyceae,Corethron,Corethron_pennatum
5e16860e02cc22dbd8d632dd6bde44d5,0,0,0,0,0,0,0,0,0,0,0,0,0,0,0,0,0,0,0,0,0,0,0,0,0,0,0,0,3,0,0,0,0,0,0,0,0,0,0,0,0,0,0,0,0,0,hapto,hapto,Haptophyta,Eukaryota,Hacrobia,Haptophyta,Prymnesiophyceae,Phaeocystales,Phaeocystaceae,Phaeocystis,Phaeocystis_sp.
7592b39864df3ab598040cc3f566e8a7,0,0,0,0,0,0,0,0,0,0,0,0,0,0,29,0,0,0,0,0,0,0,0,0,0,0,0,0,41,0,0,0,0,0,0,0,0,0,0,0,0,0,0,0,0,0,diat,diat,Bacillariophyta,Eukaryota,Stramenopiles,Ochrophyta,Bacillariophyta,Bacillariophyta_X,Polar-centric-Mediophyceae,Chaetoceros,Chaetoceros_sp.
754c721cd59fbb2d42138f860db4e452,0,0,0,0,0,0,0,0,0,0,0,0,0,0,0,0,0,0,11,0,0,0,0,0,0,0,0,0,0,0,0,0,0,0,0,0,0,0,0,0,0,0,0,0,0,0,hapto,hapto,Haptophyta,Eukaryota,Hacrobia,Haptophyta,Prymnesiophyceae,Prymnesiales,,,
4966ea84c17c4703992ee7e64a2cbd32,0,0,0,0,0,0,0,0,0,0,0,0,0,0,0,0,0,0,0,0,0,0,0,0,0,0,0,0,0,0,0,0,0,0,0,0,0,0,0,0,0,0,0,0,0,0,green,green,Chlorophyta,Eukaryota,Archaeplastida,Chlorophyta,Pedinophyceae,Pedinomonadales,Pedinomonadaceae,Pedinomonadaceae_X,Pedinomonadaceae_X_sp.
3222814c973f256e00d31cf60b626bbc,0,0,0,0,0,0,0,0,0,0,0,0,0,0,0,0,0,0,0,0,43,19,0,0,0,0,0,0,0,0,0,0,1657,62,0,0,0,0,21,0,0,0,0,0,0,0,diat,diat,Bacillariophyta,Eukaryota,Stramenopiles,Ochrophyta,Bacillariophyta,Bacillariophyta_X,,,
45192e98c18d8cd64821897db82a1d3e,0,0,0,0,0,0,0,0,0,0,0,0,0,0,0,0,0,0,0,0,0,0,0,0,0,0,0,0,0,0,0,0,0,0,0,0,0,0,0,0,0,0,0,0,0,0,dict,dict,Dictyochophyceae,Eukaryota,Stramenopiles,Ochrophyta,Dictyochophyceae,Dictyochophyceae_X,Florenciellales,Florenciella,Florenciella_parvula
a7317f5f176d57a4bc525175077252a0,0,0,0,0,0,0,0,0,0,22,0,0,0,0,0,0,0,13,0,16,0,0,0,0,0,0,0,0,0,0,0,0,0,0,0,0,0,0,0,0,0,0,0,0,0,0,dict,dict,Dictyochophyceae,Eukaryota,Stramenopiles,Ochrophyta,Dictyochophyceae,Dictyochophyceae_X,Dictyochophyceae_XX,Dictyochophyceae_XXX,Dictyochophyceae_XXX_sp.
263e163eb95f3e3c978c2e6210ac52fe,0,0,0,0,0,0,0,0,0,0,34,0,0,0,0,0,0,0,0,0,0,0,0,0,0,0,0,0,0,0,0,0,0,0,35,0,0,31,0,0,0,0,0,0,0,0,hapto,hapto,Haptophyta,Eukaryota,Hacrobia,Haptophyta,Prymnesiophyceae,Phaeocystales,Phaeocystaceae,Phaeocystis,Phaeocystis_sp.
baa8e2f37ff9e3e03452db450fb7b4b6,0,0,0,0,0,0,0,0,0,0,41,0,0,0,0,0,0,0,0,0,0,0,0,0,0,0,0,0,0,22,13,0,8,0,39,0,0,38,0,9,11,0,17,19,0,20,hapto,hapto,Haptophyta,Eukaryota,Hacrobia,Haptophyta,Prymnesiophyceae,,,,
95347c56fd628dbf5b890ab3b7c2fffb,70,71,0,0,0,0,0,0,64,0,0,0,0,0,0,0,0,0,0,84,0,0,39,137,0,0,0,0,0,0,0,0,0,0,0,0,0,0,0,0,0,0,81,0,0,236,hapto,hapto,Haptophyta,Eukaryota,Hacrobia,Haptophyta,Prymnesiophyceae,Phaeocystales,Phaeocystaceae,Phaeocystis,Phaeocystis_sp.
eea070448931c0cd8dd11f4060496d82,0,0,0,0,0,0,0,0,0,0,0,0,0,0,0,0,0,0,0,0,0,0,0,0,0,0,0,0,0,0,0,0,0,0,0,0,0,0,0,0,9,0,10,0,0,0,ochro,ochro,Ochrophyta,Eukaryota,Stramenopiles,Ochrophyta,,,,,
9c3bd2bd8a505c06285a995482e6e5ca,160,93,112,525,0,177,268,113,49,0,319,0,0,0,0,0,0,0,0,0,0,101,0,65,109,0,0,0,0,0,0,0,0,0,151,0,0,79,0,31,0,74,382,667,160,616,crypto,crypto,Cryptophyta,Eukaryota,Hacrobia,Cryptophyta,Cryptophyceae,Cryptomonadales,Cryptomonadales_X,Chroomonas,
92d459e17d475e87a14a2af1b5693f9a,0,0,0,0,0,0,0,0,0,0,0,0,0,0,0,0,0,0,0,0,0,0,0,0,0,0,0,0,17,0,0,0,0,0,0,0,0,0,0,0,0,0,0,0,0,0,hapto,hapto,Haptophyta,Eukaryota,Hacrobia,Haptophyta,Prymnesiophyceae,Prymnesiales,Chrysochromulinaceae,Chrysochromulina,Chrysochromulina_camella
59b7014a44fadd25d1e138854f199dd8,0,0,0,0,0,0,0,0,0,0,0,0,0,0,0,0,0,0,0,0,0,0,0,0,0,0,0,0,0,0,0,0,0,0,0,0,0,0,0,0,0,0,0,0,0,0,diat,diat,Bacillariophyta,Eukaryota,Stramenopiles,Ochrophyta,Bacillariophyta,Bacillariophyta_X,Polar-centric-Mediophyceae,Chaetoceros,Chaetoceros_sp.
40567777c09cff3a45088780a2154eb8,19,15,0,25,0,59,21,24,0,0,0,2,0,0,0,0,0,0,0,0,0,0,0,0,0,0,0,0,0,0,0,0,0,0,0,0,0,0,0,0,0,0,0,0,0,0,ochro,ochro,Ochrophyta,Eukaryota,Stramenopiles,Ochrophyta,,,,,
7eee0f9ed141c006d184ab89399b2191,0,0,0,0,0,0,0,0,0,0,0,0,0,0,0,0,0,0,0,0,0,0,0,0,0,0,0,0,0,0,0,0,0,0,0,0,0,0,0,0,0,0,0,0,0,0,diat,diat,Bacillariophyta,Eukaryota,Stramenopiles,Ochrophyta,Bacillariophyta,Bacillariophyta_X,Polar-centric-Mediophyceae,,
f67c7ea198bcb191f2971a81405b5608,0,0,0,0,0,0,0,0,0,0,0,0,0,0,0,0,0,0,0,0,9,30,0,6,39,0,36,0,3,0,0,0,0,0,0,0,0,0,0,0,0,0,0,0,0,0,hapto,hapto,Haptophyta,Eukaryota,Hacrobia,Haptophyta,Prymnesiophyceae,Phaeocystales,Phaeocystaceae,Phaeocystis,Phaeocystis_sp.
1f9044bb5781756a73f415db3c447bd7,0,0,0,0,0,0,0,0,0,0,0,0,0,0,0,0,0,0,0,0,53,198,0,0,0,0,0,0,0,34,30,0,0,0,0,0,0,0,0,0,0,0,0,0,0,0,diat,diat,Bacillariophyta,Eukaryota,Stramenopiles,Ochrophyta,Bacillariophyta,Bacillariophyta_X,Polar-centric-Mediophyceae,Chaetoceros,Chaetoceros_sp.
dea484fe27c473133e45509c5c2eb880,0,0,0,0,0,0,0,13,14,0,0,0,0,0,0,0,0,0,0,0,13,0,0,0,0,0,0,0,0,0,0,0,1,0,0,5,11,0,0,0,0,0,0,0,0,0,dict,dict,Dictyochophyceae,Eukaryota,Stramenopiles,Ochrophyta,Dictyochophyceae,Dictyochophyceae_X,Dictyochophyceae_XX,Dictyochophyceae_XXX,Dictyochophyceae_XXX_sp.
c0be50dfd0933119c8c072b030b9b9ec,0,0,0,0,0,0,0,0,0,0,0,0,0,0,0,0,0,0,0,0,0,0,0,0,0,0,0,0,0,0,0,0,0,19,0,0,0,0,0,0,0,0,0,0,0,0,dict,dict,Dictyochophyceae,Eukaryota,Stramenopiles,Ochrophyta,Dictyochophyceae,Dictyochophyceae_X,Pedinellales,Pedinella,Pedinella_sp.
a9e9c3ea7d6550f1dbcdf4bfc0d72b7c,0,0,0,0,0,0,0,0,0,0,0,0,0,0,0,0,0,0,0,0,0,0,0,0,0,0,0,0,0,0,0,0,32,0,0,0,0,0,0,0,0,0,0,0,0,0,dict,dict,Dictyochophyceae,Eukaryota,Stramenopiles,Ochrophyta,Dictyochophyceae,Dictyochophyceae_X,Dictyochophyceae_XX,Dictyochophyceae_XXX,Dictyochophyceae_XXX_sp.
41e6315eadfec07bd081c1547303ea84,0,0,0,0,0,0,0,0,0,0,0,0,1,13,2,2,0,0,0,3,0,0,0,0,0,0,0,0,0,0,0,0,0,0,0,0,0,0,81,32,18,0,0,0,0,0,diat,diat,Bacillariophyta,Eukaryota,Stramenopiles,Ochrophyta,Bacillariophyta,Bacillariophyta_X,Polar-centric-Mediophyceae,Chaetoceros,Chaetoceros_sp.
7525c3aedfd3d79419cc5a885dafd450,26,0,8,0,34,21,0,68,53,0,0,0,0,0,0,0,0,0,0,0,0,0,0,0,0,0,0,0,0,0,0,0,0,0,0,0,0,0,0,0,0,0,0,0,0,0,hapto,hapto,Haptophyta,Eukaryota,Hacrobia,Haptophyta,Prymnesiophyceae,Phaeocystales,Phaeocystaceae,Phaeocystis,Phaeocystis_sp.
3808d77ccb7237c633c314ad318bc2cc,0,0,0,0,0,0,0,0,0,0,0,0,0,27,42,0,0,0,0,0,0,0,0,0,0,0,0,0,0,0,0,0,0,0,0,0,0,0,0,0,0,0,0,0,0,0,diat,diat,Bacillariophyta,Eukaryota,Stramenopiles,Ochrophyta,Bacillariophyta,Bacillariophyta_X,Araphid-pennate,Thalassionema,Thalassionema_nitzschioides
1b7d6e13146ca0fbabaa51be40354bfc,10,22,9,0,29,4,5,22,16,0,0,9,0,0,0,6,0,0,0,8,0,0,0,0,0,0,0,0,0,0,0,0,1,0,0,0,0,0,8,0,0,6,14,0,0,6,hapto,hapto,Haptophyta,Eukaryota,Hacrobia,Haptophyta,Prymnesiophyceae,Phaeocystales,Phaeocystaceae,Phaeocystis,Phaeocystis_sp.
feec2192255d2fcb0d18001e4836be07,0,0,0,0,0,0,0,0,0,0,0,0,0,0,31,0,0,0,51,0,0,0,0,0,0,0,0,0,0,0,0,0,0,0,0,0,0,0,0,0,0,0,0,0,0,0,diat,diat,Bacillariophyta,Eukaryota,Stramenopiles,Ochrophyta,Bacillariophyta,Bacillariophyta_X,Polar-centric-Mediophyceae,Chaetoceros,Chaetoceros_sp.
ecea4b90df9f262206eb9a3d3a3663f7,0,0,0,0,0,0,0,0,0,0,0,0,0,0,0,0,0,0,0,11,0,0,0,21,0,0,0,0,1,0,0,0,5,8,0,0,0,0,0,0,0,0,0,0,0,0,hapto,hapto,Haptophyta,Eukaryota,Hacrobia,Haptophyta,Prymnesiophyceae,Phaeocystales,Phaeocystaceae,Phaeocystis,Phaeocystis_sp.
a0aa33a79003a895af210a260a42128b,1,3,2,6,0,2,3,24,10,0,0,9,9,0,0,0,0,0,0,0,0,0,0,0,0,0,0,0,0,0,0,0,0,0,11,0,0,0,0,0,0,0,0,0,0,0,dict,dict-pelago,Pelagophyceae,Eukaryota,Stramenopiles,Ochrophyta,Pelagophyceae,Pelagomonadales,Pelagomonadaceae,Aureococcus,Aureococcus_anophagefferens
9f694bf55f6f1a4de07c4543482766dc,0,0,0,0,0,0,0,0,0,0,0,0,0,0,0,0,0,0,0,0,0,0,0,0,0,0,0,0,0,0,0,0,221,0,0,0,0,0,0,0,0,0,0,0,0,0,diat,diat,Bacillariophyta,Eukaryota,Stramenopiles,Ochrophyta,Bacillariophyta,Bacillariophyta_X,,,
14eeaa05d0bff11c9c09ee84d4ac4d22,0,0,0,0,0,0,0,0,0,0,0,0,0,0,0,0,0,0,0,0,0,0,0,0,0,66,0,0,0,0,0,0,0,0,0,0,0,0,0,0,0,0,0,0,0,0,dict,dict-chryso,Chrysophyceae,Eukaryota,Stramenopiles,Ochrophyta,Chrysophyceae,Chrysophyceae_X,Chrysophyceae_XX,Chrysophyceae_XXX,Chrysophyceae_XXX_sp.
d783eea625f4327069a73751bd2ae65f,0,0,0,0,0,0,0,0,0,0,0,0,0,0,0,0,0,0,0,0,0,0,0,0,0,0,0,0,0,35,0,0,0,0,0,0,0,0,0,0,0,0,0,0,0,0,hapto,hapto,Haptophyta,Eukaryota,Hacrobia,Haptophyta,Prymnesiophyceae,,,,
b48612a3a160c3feff8afa686a6723dc,0,0,0,0,0,0,0,0,0,0,0,0,74,0,0,0,0,0,0,0,0,0,0,0,0,0,0,0,0,0,0,0,0,0,0,0,0,0,0,0,0,0,0,0,0,0,diat,diat,Bacillariophyta,Eukaryota,Stramenopiles,Ochrophyta,Bacillariophyta,Bacillariophyta_X,Polar-centric-Mediophyceae,Chaetoceros,Chaetoceros_sp.
7a32a1debf4e6b7bd9d24264977bc2b7,233,118,79,494,59,338,349,78,32,38,0,151,0,0,0,0,0,0,0,0,0,0,0,0,0,0,0,0,0,0,0,0,0,0,0,0,0,0,0,198,42,0,108,110,0,43,green,green,Chlorophyta,Eukaryota,Archaeplastida,Chlorophyta,Mamiellophyceae,Mamiellales,Bathycoccaceae,Ostreococcus,
f111a34bd5eb52e81539f9a42564c21d,36,20,313,79,41,35,47,31,74,112,103,118,27,0,0,0,33,0,15,282,336,260,10,66,89,0,12,8,6,121,84,12,136,0,61,75,0,29,0,19,0,16,53,135,20,39,green,green,Chlorophyta,Eukaryota,Archaeplastida,Chlorophyta,Pyramimonadales,Pyramimonadales_X,Pyramimonadales_XX,Pyramimonas,Pyramimonas_sp.
4d54e27cb97458c80b5a1eade721959c,0,0,0,0,0,0,0,0,0,0,0,0,13,0,0,0,0,0,0,0,0,0,0,0,0,0,0,0,0,0,0,0,0,0,0,0,0,0,0,0,0,0,0,0,0,0,diat,diat,Bacillariophyta,Eukaryota,Stramenopiles,Ochrophyta,Bacillariophyta,Bacillariophyta_X,,,
b39228027623ace03f186106d0d5d705,0,0,0,0,0,0,0,0,0,0,0,0,0,0,0,0,0,0,0,0,0,0,0,0,0,0,0,0,0,0,0,0,0,0,0,0,0,0,0,0,0,0,0,0,0,0,diat,diat,Bacillariophyta,Eukaryota,Stramenopiles,Ochrophyta,Bacillariophyta,Bacillariophyta_X,Polar-centric-Mediophyceae,,
812f8b8e52287110d38d2a132002dce0,0,0,0,0,0,0,0,0,0,0,0,0,0,0,0,0,0,0,0,0,0,0,0,0,9,0,0,0,22,40,0,0,0,0,0,0,0,0,0,0,0,0,0,0,0,13,hapto,hapto,Haptophyta,Eukaryota,Hacrobia,Haptophyta,Prymnesiophyceae,,,,
da9b2b22ab1bd7b2a2d110bc2f4b21ba,343,241,122,251,99,188,163,125,66,1713,193,119,17,0,0,0,0,0,0,100,35,337,29,292,361,190,2304,318,8,844,1252,573,102,8,318,41,0,292,199,212,71,292,861,1700,421,1102,green,green,Chlorophyta,Eukaryota,Archaeplastida,Chlorophyta,Mamiellophyceae,Mamiellales,Bathycoccaceae,Ostreococcus,
af2aeeb57d0b5b24e7f0fbc533bed028,0,0,0,0,0,0,0,0,0,0,0,0,0,0,0,0,0,0,0,0,14,0,0,0,0,0,0,0,0,0,0,0,0,0,0,0,0,0,0,0,0,0,0,0,0,0,hapto,hapto,Haptophyta,Eukaryota,Hacrobia,Haptophyta,Prymnesiophyceae,,,,
3f3c25c36dd2d99dba8d6316b4286695,0,0,0,0,0,0,0,0,0,0,0,3,0,0,0,0,0,0,0,5,0,4,4,9,4,0,0,8,0,5,6,13,13,0,25,19,0,11,49,29,6,0,27,12,11,10,diat,diat,Bacillariophyta,Eukaryota,Stramenopiles,Ochrophyta,Bacillariophyta,Bacillariophyta_X,,,
f207d091e453f1bfc30335402520f4ea,0,0,0,0,0,0,0,0,0,0,0,0,0,0,0,0,0,0,0,0,0,0,0,0,0,0,0,0,0,0,0,0,0,0,0,0,0,0,0,0,0,0,0,0,0,0,diat,diat,Bacillariophyta,Eukaryota,Stramenopiles,Ochrophyta,Bacillariophyta,Bacillariophyta_X,,,
18cf4846ebc903f1cb27a3fc64c8e93a,0,0,0,0,0,0,0,0,0,0,0,0,0,0,0,0,0,0,0,4,0,46,0,0,0,0,0,0,4,0,0,0,0,0,0,0,0,0,0,0,0,0,0,0,0,0,hapto,hapto,Haptophyta,Eukaryota,Hacrobia,Haptophyta,Prymnesiophyceae,,,,
9973fc580b2aab181257a6c709522f54,0,0,0,0,0,0,0,0,0,0,0,0,0,0,0,0,18,0,59,71,49,0,0,0,0,0,0,0,0,0,0,0,0,0,0,0,0,0,0,0,0,0,0,0,0,0,hapto,hapto,Haptophyta,Eukaryota,Hacrobia,Haptophyta,Prymnesiophyceae,,,,
9aa7d139a6b06d33704ff6536bd21de5,0,0,0,0,0,0,0,0,0,0,0,0,0,0,99,0,0,0,0,55,355,0,0,0,0,0,0,0,0,0,0,0,0,0,0,0,0,0,76,74,26,0,0,0,0,0,diat,diat,Bacillariophyta,Eukaryota,Stramenopiles,Ochrophyta,Bacillariophyta,Bacillariophyta_X,,,
f88d8999fad36775cf5e19ebdf46ccda,0,0,0,0,0,0,0,0,0,0,0,0,0,0,0,0,0,0,0,0,0,0,0,0,0,0,0,0,0,0,8,0,0,0,40,0,0,0,0,0,0,23,0,0,0,19,hapto,hapto,Haptophyta,Eukaryota,Hacrobia,Haptophyta,Prymnesiophyceae,Phaeocystales,Phaeocystaceae,Phaeocystis,Phaeocystis_sp.
3ddad9a8398ed52f5561f01ecb8bd986,0,0,0,0,0,0,0,0,0,0,0,0,0,0,0,0,0,0,0,0,41,0,0,33,0,0,0,0,27,0,0,0,0,0,0,0,0,0,0,0,0,0,0,0,0,0,hapto,hapto,Haptophyta,Eukaryota,Hacrobia,Haptophyta,Prymnesiophyceae,Phaeocystales,Phaeocystaceae,Phaeocystis,Phaeocystis_sp.
71a442dddfda8950e89bc38c7be030cc,0,0,0,0,0,0,0,0,0,0,0,0,0,1,0,0,0,0,0,0,0,0,0,0,0,0,0,0,10,0,0,0,0,0,0,0,0,0,0,0,9,0,0,0,0,0,diat,diat,Bacillariophyta,Eukaryota,Stramenopiles,Ochrophyta,Bacillariophyta,Bacillariophyta_X,Araphid-pennate,,
9ec17e4808f1f30b36ca8b01bfde14c7,0,0,0,0,0,0,0,0,0,0,0,0,17,32,52,14,0,0,88,25,105,0,0,0,0,0,0,0,0,0,0,0,0,0,0,0,0,0,0,0,0,0,0,0,0,0,diat,diat,Bacillariophyta,Eukaryota,Stramenopiles,Ochrophyta,Bacillariophyta,Bacillariophyta_X,Polar-centric-Mediophyceae,Attheya,Attheya_septentrionalis
3647b1e21bc21d93911592b1b90b1c5f,0,0,0,0,0,0,0,0,0,0,0,0,0,0,0,0,0,0,74,118,548,770,0,0,0,0,0,0,1624,67,0,0,1802,513,0,0,9,0,74,0,0,0,0,0,0,0,diat,diat,Bacillariophyta,Eukaryota,Stramenopiles,Ochrophyta,Bacillariophyta,Bacillariophyta_X,Radial-centric-basal-Coscinodiscophyceae,Rhizosolenia,Rhizosolenia_setigera
d8e2f449fdacfd389efd467f2180e01b,0,0,0,0,0,0,0,0,0,0,0,0,0,0,0,0,0,0,0,60,0,0,0,38,0,0,0,0,0,0,0,24,0,0,0,0,0,0,37,0,0,8,0,0,0,0,dict,dict-chryso,Chrysophyceae,Eukaryota,Stramenopiles,Ochrophyta,Chrysophyceae,Chrysophyceae_X,Chrysophyceae_XX,Chrysophyceae_XXX,Chrysophyceae_XXX_sp.
e6d276c7157348a0dc50a3513a2d6210,0,0,0,0,0,0,0,0,0,0,0,0,0,0,0,0,0,0,0,0,0,0,0,0,0,0,0,0,0,21,17,0,0,0,0,0,0,0,0,0,0,0,0,0,0,0,dict,dict-chryso,Chrysophyceae,Eukaryota,Stramenopiles,Ochrophyta,Chrysophyceae,Chrysophyceae_X,Chrysophyceae_XX,Chrysophyceae_XXX,Chrysophyceae_XXX_sp.
f4408e404a9b699fc360117d034c13f2,0,0,0,0,0,0,0,0,0,0,0,0,0,0,0,0,0,0,0,0,0,0,0,17,0,0,0,0,0,0,0,0,0,0,0,0,0,0,0,0,0,0,0,0,0,0,hapto,hapto,Haptophyta,Eukaryota,Hacrobia,Haptophyta,Prymnesiophyceae,Phaeocystales,Phaeocystaceae,Phaeocystis,Phaeocystis_sp.
f6df824fe6d745de717e2d30a0e4f78d,46,0,0,0,0,0,0,0,0,0,0,0,0,0,0,0,0,0,0,0,0,0,0,0,0,0,0,0,0,0,0,0,0,0,0,0,0,0,0,0,0,0,0,0,0,0,hapto,hapto,Haptophyta,Eukaryota,Hacrobia,Haptophyta,Prymnesiophyceae,,,,
144bfb5647561d44dcc2105a41b6ac0f,0,0,0,0,0,0,0,0,0,0,0,0,0,0,0,0,0,0,0,0,0,0,0,0,0,0,0,0,0,0,0,0,0,0,0,0,0,0,0,0,0,0,0,0,0,0,hapto,hapto,Haptophyta,Eukaryota,Hacrobia,Haptophyta,Prymnesiophyceae,,,,
5da1f90d5cf6d41e58b264781ce6f9a1,0,0,0,0,0,0,0,0,0,0,0,0,0,0,0,0,0,0,8,2,5,0,2,0,0,0,0,0,9,2,1,0,15,0,0,0,0,0,1,0,0,0,0,0,0,0,hapto,hapto,Haptophyta,Eukaryota,Hacrobia,Haptophyta,Prymnesiophyceae,,,,
f17b5d2d8a06b89c68bbe4a8e4f195a0,0,0,0,0,0,0,0,0,0,0,0,0,0,0,0,0,0,0,0,0,0,0,0,0,0,0,0,0,0,45,0,0,0,0,0,0,0,0,0,0,0,0,0,0,0,0,green,green,Chlorophyta,Eukaryota,Archaeplastida,Chlorophyta,Prasino-Clade-V,Pseudoscourfieldiales,Pycnococcaceae,Pseudoscourfieldia,Pseudoscourfieldia_marina
19399a87236c2939b8672cbbdafadca5,0,0,0,0,0,0,0,0,0,0,0,0,0,0,0,4,19,1,0,0,0,0,0,0,0,0,0,0,0,0,0,0,0,0,0,0,0,0,18,0,0,0,0,0,0,0,dict,dict,Dictyochophyceae,Eukaryota,Stramenopiles,Ochrophyta,Dictyochophyceae,Dictyochophyceae_X,Dictyochophyceae_XX,Dictyochophyceae_XXX,Dictyochophyceae_XXX_sp.
c2fd08d858470db243987d9f1668386b,0,0,0,0,0,0,0,0,27,0,0,0,0,0,0,0,0,0,0,94,0,0,0,0,0,0,0,0,0,0,0,0,0,0,0,0,0,0,0,0,0,0,0,0,0,0,hapto,hapto,Haptophyta,Eukaryota,Hacrobia,Haptophyta,Prymnesiophyceae,Phaeocystales,Phaeocystaceae,Phaeocystis,Phaeocystis_sp.
8184d00322df3406d905b9aadce42aa6,21,40,46,30,24,34,0,48,25,0,44,0,0,0,0,0,0,0,0,50,53,61,0,0,0,0,0,15,6,0,0,0,0,0,39,34,29,62,56,33,43,58,54,31,27,48,hapto,hapto,Haptophyta,Eukaryota,Hacrobia,Haptophyta,Prymnesiophyceae,Phaeocystales,Phaeocystaceae,Phaeocystis,Phaeocystis_sp.
6038cf557b57729e4a36df2e5f9cce36,0,0,0,0,0,0,0,0,0,0,0,0,0,0,0,0,0,23,9,4,4,24,0,11,0,0,0,0,0,0,0,0,0,0,0,0,0,0,0,0,0,0,0,0,0,0,hapto,hapto,Haptophyta,Eukaryota,Hacrobia,Haptophyta,Prymnesiophyceae,,,,
7db26d541ecde8cbf30ce6da9714ba9a,0,0,0,0,0,0,0,0,0,0,0,0,0,0,0,11,0,0,0,0,0,0,0,0,0,0,0,0,0,0,0,0,10,0,0,0,23,0,115,0,0,0,0,0,0,0,diat,diat,Bacillariophyta,Eukaryota,Stramenopiles,Ochrophyta,Bacillariophyta,Bacillariophyta_X,Araphid-pennate,Thalassionema,
6d8087bf9299fa097b699d2c8d799a43,0,0,0,0,0,0,0,0,0,0,0,0,0,0,0,0,0,0,0,0,0,0,0,1,0,0,67,0,0,12,86,0,0,0,0,0,0,0,0,0,0,0,0,0,0,0,ochro,ochro,Ochrophyta,Eukaryota,Stramenopiles,Ochrophyta,,,,,
0e48759c6f616a384d6532c0e9bd6ead,4,0,0,13,0,0,0,0,30,0,0,0,0,0,0,0,0,0,0,0,0,0,0,0,0,0,0,0,0,0,0,0,0,0,0,0,0,0,0,0,0,0,0,0,0,0,hapto,hapto,Haptophyta,Eukaryota,Hacrobia,Haptophyta,Prymnesiophyceae,,,,
b652b0320a5053207ce3d0c006d7c794,0,0,0,0,0,0,0,0,0,93,0,0,0,0,0,0,21,41,205,385,163,201,54,72,0,0,0,0,276,100,59,39,323,122,0,29,0,0,66,0,0,0,0,0,0,0,hapto,hapto,Haptophyta,Eukaryota,Hacrobia,Haptophyta,Prymnesiophyceae,Prymnesiales,Chrysochromulinaceae,Chrysochromulina,Chrysochromulina_sp.
e81fff765805df77b5564a1e513fe12f,0,0,0,0,0,0,0,0,0,0,0,0,0,0,0,0,0,0,0,0,0,0,0,0,0,0,0,0,0,0,0,0,0,0,0,0,0,0,0,0,0,0,0,0,0,0,ochro,ochro,Ochrophyta,Eukaryota,Stramenopiles,Ochrophyta,,,,,
bc67fafe86c0add4f4bd94715b2cf6b0,0,0,0,0,0,0,0,0,0,0,0,0,0,0,0,0,97,0,0,139,1518,0,17,0,0,0,0,0,0,0,0,0,153,31,0,0,0,0,0,0,0,0,0,0,0,0,diat,diat,Bacillariophyta,Eukaryota,Stramenopiles,Ochrophyta,Bacillariophyta,Bacillariophyta_X,Polar-centric-Mediophyceae,Chaetoceros,Chaetoceros_sp.
ae7c3afbda390c00e85c10273758f9cd,0,0,0,0,0,0,0,0,0,0,0,0,36,38,0,0,0,0,0,0,0,0,0,0,0,0,0,0,0,0,0,0,0,0,0,0,0,0,0,0,0,0,0,0,0,0,diat,diat,Bacillariophyta,Eukaryota,Stramenopiles,Ochrophyta,Bacillariophyta,Bacillariophyta_X,,,
d3f67f8de4168346010ea57504748be5,157,93,0,538,0,147,266,122,60,0,294,0,0,0,0,0,0,0,0,0,0,142,0,93,134,0,0,0,0,0,0,0,0,0,155,0,0,0,0,0,0,0,381,677,167,663,crypto,crypto,Cryptophyta,Eukaryota,Hacrobia,Cryptophyta,Cryptophyceae,Cryptomonadales,Cryptomonadales_X,Chroomonas,
94882901213a06b6f5e22cd10822cd40,0,0,0,0,0,0,0,0,0,0,0,0,0,0,0,0,0,0,0,0,0,0,0,11,0,0,0,0,0,0,0,0,0,0,0,0,0,0,0,0,0,0,0,0,0,0,hapto,hapto,Haptophyta,Eukaryota,Hacrobia,Haptophyta,Prymnesiophyceae,Prymnesiales,Chrysochromulinaceae,Chrysochromulina,Chrysochromulina_camella
980a79b237ee48882228f73d47ce4dc8,0,0,0,0,0,0,0,0,0,0,0,0,64,110,71,86,0,0,109,260,93,0,0,0,0,0,0,0,95,0,0,0,0,0,0,0,0,0,0,0,0,0,0,0,0,0,diat,diat,Bacillariophyta,Eukaryota,Stramenopiles,Ochrophyta,Bacillariophyta,Bacillariophyta_X,,,
11ac0dd08abcd37d2223ff055ae98e0b,0,0,0,0,0,0,0,0,0,0,0,0,0,0,0,0,0,0,0,0,0,0,0,0,0,0,0,0,0,0,0,0,0,0,0,0,0,0,0,0,0,0,0,0,0,0,dict,dict,Dictyochophyceae,Eukaryota,Stramenopiles,Ochrophyta,Dictyochophyceae,Dictyochophyceae_X,Dictyochophyceae_XX,Dictyochophyceae_XXX,Dictyochophyceae_XXX_sp.
74a85212a2e9f43bf08acd681a4f3f56,0,0,0,0,0,0,0,0,0,0,0,0,0,0,0,0,0,8,14,0,6,0,5,23,12,0,0,0,0,0,0,0,71,0,0,0,0,0,0,0,0,0,0,0,0,0,green,green,Chlorophyta,Eukaryota,Archaeplastida,Chlorophyta,Pyramimonadales,Pyramimonadales_X,Pyramimonadales_XX,Cymbomonas,Cymbomonas_tetramitiformis
5b4a49f46f39788761d1a39e92947d46,0,0,0,0,0,0,0,0,0,0,0,0,0,0,0,25,0,0,0,0,0,0,0,0,0,0,0,0,0,0,0,0,0,0,0,0,0,0,0,0,0,0,0,0,0,0,dict,dict-chryso,Chrysophyceae,Eukaryota,Stramenopiles,Ochrophyta,Chrysophyceae,Chrysophyceae_X,Chrysophyceae_XX,Chrysophyceae_XXX,Chrysophyceae_XXX_sp.
d052e115d918f85ecc8e22860d24cc7e,15,0,0,0,0,0,0,0,0,0,0,26,0,0,0,0,0,0,0,0,0,0,0,0,0,0,0,0,0,0,0,0,0,0,0,0,0,0,0,0,0,0,12,0,0,9,dict,dict,Dictyochophyceae,Eukaryota,Stramenopiles,Ochrophyta,Dictyochophyceae,Dictyochophyceae_X,Dictyochophyceae_XX,Dictyochophyceae_XXX,Dictyochophyceae_XXX_sp.
5afeb69087aab0a22e278b0faa9637b5,16,0,0,0,0,0,0,0,0,0,0,0,0,0,0,0,0,0,0,0,0,0,0,0,0,0,0,0,0,0,0,0,0,0,0,0,0,0,0,0,0,0,0,0,0,0,dict,dict,Dictyochophyceae,Eukaryota,Stramenopiles,Ochrophyta,Dictyochophyceae,Dictyochophyceae_X,Florenciellales,Florenciella,Florenciella_parvula
a50fefc2dcdd530041cb8f6d22434f3f,0,0,0,0,0,0,0,0,0,0,0,0,0,0,0,0,0,0,0,0,0,0,0,0,0,0,0,0,35,0,0,0,0,0,0,0,0,0,0,0,0,0,0,0,0,0,hapto,hapto,Haptophyta,Eukaryota,Hacrobia,Haptophyta,Prymnesiophyceae,,,,
c17ffd40bbd5f333706fe303e19648bd,0,0,0,0,0,0,0,0,0,12,0,0,0,0,0,0,0,0,0,0,0,0,0,0,11,0,52,0,0,34,29,0,0,0,0,5,0,0,0,0,0,0,0,0,0,0,dict,dict-chryso,Chrysophyceae,Eukaryota,Stramenopiles,Ochrophyta,Chrysophyceae,Chrysophyceae_X,Chrysophyceae_XX,Chrysophyceae_XXX,Chrysophyceae_XXX_sp.
4a9be3641577b7b5d637230143e18481,0,0,0,0,0,0,0,0,0,0,0,0,0,0,0,0,0,0,24,22,174,0,0,0,0,0,0,0,0,0,0,0,0,0,0,0,0,0,0,15,0,0,0,0,0,0,diat,diat,Bacillariophyta,Eukaryota,Stramenopiles,Ochrophyta,Bacillariophyta,Bacillariophyta_X,Polar-centric-Mediophyceae,Chaetoceros,Chaetoceros_sp.
ad1e3404d6cc15f07ed166c4cf6c464c,0,0,0,0,0,0,0,0,0,0,0,0,0,0,0,0,0,0,0,0,6,0,0,11,0,0,0,0,83,0,0,0,0,0,9,0,0,0,0,0,0,0,0,0,0,0,hapto,hapto,Haptophyta,Eukaryota,Hacrobia,Haptophyta,Prymnesiophyceae,Prymnesiophyceae_X,Braarudosphaeraceae,Braarudosphaera,Braarudosphaera_bigelowii
c58aa13c538aebeb76d9d4be1891af8b,0,0,0,0,0,0,0,0,0,11,0,0,0,0,0,0,0,0,0,0,0,0,0,16,0,0,5,0,0,0,0,0,30,0,0,0,0,0,0,0,0,0,0,0,0,0,dict,dict,Dictyochophyceae,Eukaryota,Stramenopiles,Ochrophyta,Dictyochophyceae,Dictyochophyceae_X,Dictyochophyceae_XX,Dictyochophyceae_XXX,Dictyochophyceae_XXX_sp.
4bf5b27b0701ee94d8fcb1b542965726,0,0,0,0,0,0,0,0,0,0,0,0,0,0,0,0,0,0,17,32,0,51,0,0,0,0,0,0,0,0,0,0,0,0,0,0,0,0,0,0,0,0,0,0,0,0,diat,diat,Bacillariophyta,Eukaryota,Stramenopiles,Ochrophyta,Bacillariophyta,Bacillariophyta_X,,,
967eda9691eab74cd5e7901f9aa07ae0,324,346,957,3908,316,1388,1480,371,114,506,91,213,0,0,0,0,20,34,0,237,0,148,0,55,136,0,0,59,0,0,90,102,108,0,125,45,0,47,40,24,85,0,88,83,126,98,crypto,crypto,Cryptophyta,Eukaryota,Hacrobia,Cryptophyta,Cryptophyceae,Cryptomonadales,Cryptomonadales_X,Teleaulax,Teleaulax_sp.
d2b428af37f4789fa80cc7480693075b,0,0,0,0,0,0,0,0,0,0,0,0,0,0,0,0,0,0,0,0,0,0,0,53,29,123,201,0,0,0,65,0,0,0,0,0,0,0,0,0,0,0,0,0,0,0,dict,dict-chryso,Chrysophyceae,Eukaryota,Stramenopiles,Ochrophyta,Chrysophyceae,Chrysophyceae_X,,,
dd337a3f3af51f9688961ac8f8bb18fc,0,0,0,0,0,0,0,0,0,0,0,0,0,0,0,0,0,0,0,0,0,0,0,10,0,0,0,0,0,0,0,0,0,0,4,0,0,0,28,0,0,0,0,0,0,0,dict,dict-chryso,Chrysophyceae,Eukaryota,Stramenopiles,Ochrophyta,Chrysophyceae,Chrysophyceae_X,Chrysophyceae_XX,Chrysophyceae_XXX,Chrysophyceae_XXX_sp.
e654aa1a611fd49a1a6b380675f14d13,0,0,0,0,0,0,0,0,0,0,0,0,16,8,18,17,0,0,5,49,12,0,0,0,0,0,0,0,0,0,0,0,0,0,0,0,0,0,31,0,0,0,0,0,0,0,diat,diat,Bacillariophyta,Eukaryota,Stramenopiles,Ochrophyta,Bacillariophyta,Bacillariophyta_X,,,
f79114ebfeca688b5e6b33bed3da28b2,0,0,0,0,0,0,0,0,0,0,0,0,0,0,0,0,0,0,0,18,11,0,0,0,0,0,0,0,0,0,0,55,0,0,0,0,0,0,0,0,0,0,0,0,0,0,dict,dict,Dictyochophyceae,Eukaryota,Stramenopiles,Ochrophyta,Dictyochophyceae,Dictyochophyceae_X,Dictyochophyceae_XX,Dictyochophyceae_XXX,Dictyochophyceae_XXX_sp.
b6cf841f942906ea09e77ee0c4d42dc7,0,0,0,0,0,0,0,0,0,0,41,0,0,0,0,0,0,0,0,35,15,24,0,0,0,0,0,5,0,0,0,0,0,0,18,31,24,27,24,29,24,0,0,0,17,0,hapto,hapto,Haptophyta,Eukaryota,Hacrobia,Haptophyta,Prymnesiophyceae,Prymnesiales,Chrysochromulinaceae,Chrysochromulina,Chrysochromulina_camella
11e71ef9580dc7143a351188a36448cd,0,0,0,0,0,0,0,0,0,0,0,0,0,0,0,0,0,0,0,0,0,0,0,0,0,0,0,0,1,2,0,11,0,9,0,0,0,0,0,0,0,0,0,0,0,0,hapto,hapto,Haptophyta,Eukaryota,Hacrobia,Haptophyta,Prymnesiophyceae,Prymnesiales,Chrysochromulinaceae,Chrysochromulina,Chrysochromulina_sp.
5a0b786471719f83cc058415ae683e5f,0,0,0,0,0,0,0,0,0,0,60,0,0,0,117,0,0,0,0,219,296,123,0,0,0,0,0,0,0,0,0,0,3979,4516,0,3062,5003,0,10405,77,1027,94,0,0,0,0,diat,diat,Bacillariophyta,Eukaryota,Stramenopiles,Ochrophyta,Bacillariophyta,Bacillariophyta_X,,,
75d6ccdf3fe0f0490640a0e6d1c71ec4,0,0,0,0,0,0,0,0,0,16,29,0,0,0,0,0,0,0,0,55,0,0,0,50,0,9,59,0,0,0,16,16,13,0,18,0,0,0,0,0,0,0,0,0,0,0,dict,dict,Dictyochophyceae,Eukaryota,Stramenopiles,Ochrophyta,Dictyochophyceae,Dictyochophyceae_X,Dictyochophyceae_XX,Dictyochophyceae_XXX,Dictyochophyceae_XXX_sp.
983c17843cd2136d2b89864b2630d8e3,0,0,0,0,0,0,0,0,0,0,0,0,0,0,0,0,0,0,0,0,0,0,0,0,0,0,0,0,0,1,0,0,0,0,0,0,0,0,0,0,0,0,0,0,0,21,hapto,hapto,Haptophyta,Eukaryota,Hacrobia,Haptophyta,Prymnesiophyceae,,,,
1f30e11a7541bda344e0a57fa45e6e6d,0,0,0,0,0,0,0,0,0,0,0,0,50,213,78,90,0,0,0,31,0,0,0,0,0,0,0,0,0,0,0,0,0,0,0,0,0,0,0,61,0,0,0,0,0,0,diat,diat,Bacillariophyta,Eukaryota,Stramenopiles,Ochrophyta,Bacillariophyta,Bacillariophyta_X,Polar-centric-Mediophyceae,Chaetoceros,Chaetoceros_sp.
984509c95977c3302b82b32bd3d24d87,24,6,0,0,19,4,0,0,0,0,0,0,0,95,302,283,0,0,43,202,123,19,0,0,0,0,0,0,0,0,0,0,0,0,0,0,0,0,213,115,0,11,0,0,0,0,diat,diat,Bacillariophyta,Eukaryota,Stramenopiles,Ochrophyta,Bacillariophyta,Bacillariophyta_X,Polar-centric-Mediophyceae,,
b5467743b82df0f893cd5fe8b65c078a,0,0,0,0,0,0,0,25,0,0,0,0,0,0,0,0,0,0,0,0,11,0,0,0,0,0,0,0,0,0,34,0,49,0,49,0,8,0,0,14,0,0,0,28,0,0,dict,dict,Dictyochophyceae,Eukaryota,Stramenopiles,Ochrophyta,Dictyochophyceae,Dictyochophyceae_X,Dictyochophyceae_XX,Dictyochophyceae_XXX,Dictyochophyceae_XXX_sp.
c28b4f792ac79b6886acbdcf13b26ed5,0,0,0,0,0,0,0,0,0,0,0,0,0,0,0,0,0,0,0,0,0,0,0,0,0,0,0,0,0,35,0,0,0,0,0,0,0,0,0,0,0,0,0,0,0,0,diat,diat,Bacillariophyta,Eukaryota,Stramenopiles,Ochrophyta,Bacillariophyta,Bacillariophyta_X,Polar-centric-Mediophyceae,Arcocellulus,Arcocellulus_mammifer
bf7877d762c9d6aab5fcbf959ef7144d,0,0,0,0,0,0,0,7,0,0,0,0,0,0,0,0,0,0,0,0,0,0,0,0,0,0,0,0,0,0,0,0,0,0,0,0,0,0,0,0,0,0,0,0,0,0,dict,dict-chryso,Chrysophyceae,Eukaryota,Stramenopiles,Ochrophyta,Chrysophyceae,Chrysophyceae_X,Chrysophyceae_XX,Chrysophyceae_XXX,Chrysophyceae_XXX_sp.
f5956095c6e403ae067df10a8a814fa0,0,0,0,0,0,0,0,0,0,0,0,0,0,0,0,0,0,0,21,9,0,0,0,0,0,0,0,0,0,0,0,0,0,0,0,0,0,0,0,0,0,0,0,0,0,0,unk,unk,Eukaryota,Eukaryota,,,,,,,
e2dfefcd25ee861094466520108a0544,171,243,261,400,193,929,712,264,95,1042,518,34,36,0,0,0,0,17,0,124,0,1105,0,283,379,438,2616,396,20,997,1920,525,194,33,892,493,20,434,129,326,289,127,354,819,403,451,cyan,cyan,Cyanobacteria,Bacteria,Cyanobacteria,Cyanobacteria,Cyanobacteriia,Synechococcales,Cyanobiaceae,Synechococcus_CC9902,
95922967d9979ae15e1a45a7616705b1,0,0,0,0,0,0,0,0,0,142,0,0,0,0,0,0,0,0,0,0,0,106,0,0,53,0,283,0,0,0,73,0,0,0,86,0,0,0,0,0,0,0,0,0,0,0,cyan,cyan,Cyanobacteria,Bacteria,Cyanobacteria,Cyanobacteria,Cyanobacteriia,Synechococcales,Cyanobiaceae,Synechococcus_CC9902,
efce297909de8dfc5cf61949eac9eeee,0,0,0,0,0,0,0,0,0,0,0,0,0,0,0,0,0,0,0,0,0,0,0,0,0,0,0,0,0,0,0,0,0,0,0,0,0,0,0,0,0,0,0,0,0,0,cyan,cyan,Cyanobacteria,Bacteria,Cyanobacteria,Cyanobacteria,Vampirivibrionia,Caenarcaniphilales,Caenarcaniphilales,Caenarcaniphilales,uncultured_cyanobacterium
97d473a08f05963f66670b7d621328b0,0,0,0,0,0,0,0,0,0,0,0,0,0,0,0,0,0,0,0,0,0,0,0,0,0,0,94,0,0,88,228,0,0,0,88,0,0,0,0,0,0,0,0,0,0,0,cyan,cyan,Cyanobacteria,Bacteria,Cyanobacteria,Cyanobacteria,Cyanobacteriia,Synechococcales,Cyanobiaceae,Synechococcus_CC9902,
3358131e71eb18f5f6b11bc118b38b50,0,0,0,0,0,0,0,0,0,0,0,0,0,0,0,0,0,0,0,0,0,0,0,0,0,0,0,0,0,0,0,0,0,0,0,0,0,0,0,0,0,0,0,0,0,0,cyan,cyan,Cyanobacteria,Bacteria,Cyanobacteria,Cyanobacteria,Sericytochromatia,Sericytochromatia,Sericytochromatia,Sericytochromatia,uncultured_bacterium
be7b2e7e81b894ca01656ac9df168bde,98,146,109,241,72,377,611,233,88,425,178,48,82,0,0,0,0,0,0,41,0,640,0,194,126,55,714,86,36,113,276,103,29,0,245,238,0,195,59,124,129,50,174,378,214,214,cyan,cyan,Cyanobacteria,Bacteria,Cyanobacteria,Cyanobacteria,Cyanobacteriia,Synechococcales,Cyanobiaceae,Synechococcus_CC9902,
e55bfe0c5bd1e3ccc17b2ad709862ee0,20,18,18,41,13,131,114,50,10,80,19,8,4,0,0,0,0,0,0,1,0,55,16,20,20,22,314,33,0,42,106,25,11,2,53,28,0,12,2,14,10,6,13,50,25,15,cyan,cyan,Cyanobacteria,Bacteria,Cyanobacteria,Cyanobacteria,Cyanobacteriia,Synechococcales,Cyanobiaceae,Synechococcus_CC9902,
83280373f6fb3f036c21d9c2b609564b,35,57,58,79,0,92,163,101,41,389,50,0,0,0,0,0,0,0,8,0,0,480,0,215,138,128,928,66,0,119,188,60,18,9,123,62,0,67,0,53,36,23,89,145,123,69,cyan,cyan,Cyanobacteria,Bacteria,Cyanobacteria,Cyanobacteria,Cyanobacteriia,Synechococcales,Cyanobiaceae,Synechococcus_CC9902,uncultured_cyanobacterium
c3f1a986bf73014bf0cbe7b0a18035f0,0,0,0,0,0,0,0,0,0,43,0,0,0,0,0,0,0,0,0,0,0,0,0,0,0,0,105,0,0,0,0,0,0,0,0,0,0,0,0,0,0,0,0,0,0,0,cyan,cyan,Cyanobacteria,Bacteria,Cyanobacteria,Cyanobacteria,Cyanobacteriia,Synechococcales,Cyanobiaceae,Synechococcus_CC9902,
28b1305719f379649423938a134db090,0,0,0,0,0,41,0,0,0,83,0,0,0,0,0,0,0,0,0,40,13,121,0,0,69,0,255,0,0,0,65,0,0,0,0,0,0,0,0,0,0,0,0,57,0,42,cyan,cyan,Cyanobacteria,Bacteria,Cyanobacteria,Cyanobacteria,Cyanobacteriia,Synechococcales,Cyanobiaceae,Synechococcus_CC9902,